{
	"member": [
		{
			"kind": "member",
			"type": "Object",
			"name": "configList",
			"memberof": "AudioManager",
			"scope": "static",
			"description": "//config 分组列表",
			"default": "{}"
		}
	],
	"function": [
		{
			"kind": "function",
			"name": "AudioManager",
			"memberof": "AudioManager",
			"scope": "instance"
		},
		{
			"kind": "function",
			"type": "string",
			"name": "getItemPath",
			"memberof": "AudioManager",
			"scope": "static",
			"description": "//根据nanme获取url",
			"params": [
				{
					"name": "resname",
					"type": "string",
					"description": ""
				},
				{
					"name": "group",
					"type": "string",
					"description": ""
				}
			]
		},
		{
			"kind": "function",
			"type": "void",
			"name": "playerBgMusic",
			"memberof": "AudioManager",
			"scope": "static",
			"description": "//播放背景音效",
			"params": [
				{
					"name": "url",
					"type": "string",
					"description": ""
				}
			]
		},
		{
			"kind": "function",
			"type": "void",
			"name": "playerSoundMusic",
			"memberof": "AudioManager",
			"scope": "static",
			"description": "//播放音效",
			"params": [
				{
					"name": "url",
					"type": "string",
					"description": ""
				}
			]
		},
		{
			"kind": "function",
			"type": "Object",
			"name": "subcontextBgUrl",
			"memberof": "AudioManager",
			"scope": "static"
		}
	],
	"globalMember": [],
	"globalFunction": [],
	"class": {
		"kind": "class",
		"name": "AudioManager",
		"memberof": "",
		"filename": "core\\utils\\AudioManager.ts"
	}
}