{
	"member": [],
	"function": [
		{
			"kind": "function",
			"type": "any",
			"name": "getGameConfigValue",
			"memberof": "ConfigUtil",
			"scope": "static",
			"params": [
				{
					"name": "key",
					"type": "string",
					"description": ""
				}
			]
		},
		{
			"kind": "function",
			"type": "number",
			"name": "getPalyerLevelByExp",
			"memberof": "ConfigUtil",
			"scope": "static",
			"description": "通过经验判断计算角色等级",
			"params": [
				{
					"name": "exp",
					"description": ""
				}
			]
		},
		{
			"kind": "function",
			"type": "any",
			"name": "getPatientConfigById",
			"memberof": "ConfigUtil",
			"scope": "static",
			"description": "根据病人id获取配置的病人信息",
			"params": [
				{
					"name": "patientId",
					"type": "number",
					"description": ""
				}
			]
		},
		{
			"kind": "function",
			"type": "any",
			"name": "getWorkerConfigById",
			"memberof": "ConfigUtil",
			"scope": "static",
			"description": "根据职员id获取配置的职员信息",
			"params": [
				{
					"name": "workerId",
					"type": "number",
					"description": ""
				}
			]
		},
		{
			"kind": "function",
			"type": "Object",
			"name": "getWorkerLevelByExp",
			"memberof": "ConfigUtil",
			"scope": "static",
			"description": "通过经验判断计算职员等级",
			"params": [
				{
					"name": "exp",
					"description": ""
				}
			]
		},
		{
			"kind": "function",
			"type": "Promise<any>",
			"name": "loadJson",
			"memberof": "ConfigUtil",
			"scope": "static",
			"description": "//动态加载json"
		},
		{
			"kind": "function",
			"type": "Promise<any>",
			"name": "loadJsonWithMask",
			"memberof": "ConfigUtil",
			"scope": "static",
			"description": "//动态加载json，需要加载中遮罩"
		}
	],
	"globalMember": [],
	"globalFunction": [],
	"class": {
		"kind": "class",
		"name": "ConfigUtil",
		"memberof": "",
		"filename": "module\\config\\ConfigUtil.ts",
		"description": "// TypeScript file"
	}
}