{
	"member": [
		{
			"kind": "member",
			"type": "ConfigValuesVO",
			"name": "instance",
			"memberof": "ConfigValuesVO",
			"scope": "static",
			"rwType": 1
		},
		{
			"kind": "member",
			"type": "number",
			"name": "jumpGameCountRecoverSpeed",
			"memberof": "ConfigValuesVO",
			"scope": "instance",
			"description": "开始次数单位时间内恢复的次数"
		},
		{
			"kind": "member",
			"type": "number",
			"name": "jumpGameCountRecoverUnit",
			"memberof": "ConfigValuesVO",
			"scope": "instance",
			"description": "开始次数恢复的单位时间（秒）"
		},
		{
			"kind": "member",
			"type": "number",
			"name": "maxJumpGameCount",
			"memberof": "ConfigValuesVO",
			"scope": "instance",
			"description": "开始次数恢复上限"
		}
	],
	"function": [
		{
			"kind": "function",
			"name": "ConfigValuesVO",
			"memberof": "ConfigValuesVO",
			"scope": "instance"
		}
	],
	"globalMember": [],
	"globalFunction": [],
	"class": {
		"kind": "class",
		"name": "ConfigValuesVO",
		"memberof": "",
		"filename": "module\\manager\\ConfigValuesVO.ts",
		"description": "GameConfigValues_json 配置表vo"
	}
}