{
	"member": [
		{
			"kind": "member",
			"type": "boolean",
			"name": "atLast",
			"memberof": "core.MovieClip",
			"scope": "instance"
		},
		{
			"kind": "member",
			"type": "number",
			"name": "frameRate",
			"memberof": "core.MovieClip",
			"scope": "instance"
		},
		{
			"kind": "member",
			"name": "isCache",
			"memberof": "core.MovieClip",
			"scope": "instance",
			"default": "false"
		}
	],
	"function": [
		{
			"kind": "function",
			"name": "MovieClip",
			"memberof": "core.MovieClip",
			"scope": "instance"
		},
		{
			"kind": "function",
			"type": "void",
			"name": "clearMc",
			"memberof": "core.MovieClip",
			"scope": "instance"
		},
		{
			"kind": "function",
			"type": "void",
			"name": "dispose",
			"memberof": "core.MovieClip",
			"scope": "instance"
		},
		{
			"kind": "function",
			"name": "gotoAndPlay",
			"memberof": "core.MovieClip",
			"scope": "instance",
			"params": [
				{
					"name": "name",
					"type": "string",
					"description": ""
				},
				{
					"name": "frame",
					"type": "any",
					"description": ""
				},
				{
					"name": "playTimes",
					"type": "number",
					"default": "0",
					"description": ""
				}
			]
		},
		{
			"kind": "function",
			"name": "gotoAndStop",
			"memberof": "core.MovieClip",
			"scope": "instance",
			"params": [
				{
					"name": "name",
					"type": "string",
					"description": ""
				},
				{
					"name": "frame",
					"type": "any",
					"description": ""
				}
			]
		},
		{
			"kind": "function",
			"type": "void",
			"name": "initEvents",
			"memberof": "core.MovieClip",
			"scope": "instance"
		},
		{
			"kind": "function",
			"name": "play",
			"memberof": "core.MovieClip",
			"scope": "instance",
			"params": [
				{
					"name": "name",
					"type": "string",
					"description": ""
				},
				{
					"name": "playTimes",
					"type": "number",
					"default": "0",
					"description": ""
				}
			]
		},
		{
			"kind": "function",
			"type": "void",
			"name": "setMcScaleX",
			"memberof": "core.MovieClip",
			"scope": "instance",
			"params": [
				{
					"name": "scaleX",
					"description": ""
				}
			]
		},
		{
			"kind": "function",
			"name": "setPath",
			"memberof": "core.MovieClip",
			"scope": "instance",
			"params": [
				{
					"name": "path",
					"type": "string",
					"description": ""
				},
				{
					"name": "texture",
					"type": "string",
					"description": ""
				}
			]
		}
	],
	"globalMember": [],
	"globalFunction": [],
	"class": {
		"kind": "class",
		"name": "MovieClip",
		"memberof": "core",
		"filename": "core\\animation\\MovieClip.ts",
		"augments": [],
		"implements": [
			{
				"name": "core.IMovie"
			}
		]
	}
}