{
	"member": [
		{
			"kind": "member",
			"type": "any[]",
			"name": "args",
			"memberof": "core.IQueueBoxInfo",
			"scope": "instance"
		},
		{
			"kind": "member",
			"type": "core.Callback",
			"name": "callback",
			"memberof": "core.IQueueBoxInfo",
			"scope": "instance"
		},
		{
			"kind": "member",
			"type": "string",
			"name": "clzName",
			"memberof": "core.IQueueBoxInfo",
			"scope": "instance"
		}
	],
	"function": [],
	"globalMember": [],
	"globalFunction": [],
	"class": {
		"kind": "interface",
		"name": "IQueueBoxInfo",
		"memberof": "core",
		"filename": "core\\interface\\IQueueBoxInfo.ts"
	}
}