{
	"member": [],
	"function": [
		{
			"kind": "function",
			"type": "number",
			"name": "getTotalHeight",
			"memberof": "core.TooltipLayout",
			"scope": "instance",
			"params": [
				{
					"name": "items",
					"type": "core.BaseComponent[]",
					"description": ""
				},
				{
					"name": "offsetY",
					"type": "number",
					"default": "0",
					"description": ""
				}
			]
		},
		{
			"kind": "function",
			"type": "void",
			"name": "layout",
			"memberof": "core.TooltipLayout",
			"scope": "instance",
			"params": [
				{
					"name": "items",
					"type": "core.BaseComponent[]",
					"description": ""
				}
			]
		}
	],
	"globalMember": [],
	"globalFunction": [],
	"class": {
		"kind": "class",
		"name": "TooltipLayout",
		"memberof": "core",
		"filename": "core\\ui\\Tooltip.ts"
	}
}