{
	"member": [],
	"function": [
		{
			"kind": "function",
			"type": "any",
			"name": "get",
			"memberof": "core.ILocalStorageProvider",
			"scope": "instance",
			"params": [
				{
					"name": "key",
					"type": "string",
					"description": ""
				}
			]
		},
		{
			"kind": "function",
			"type": "boolean",
			"name": "save",
			"memberof": "core.ILocalStorageProvider",
			"scope": "instance",
			"params": [
				{
					"name": "storageData",
					"type": "{[key:string]:any}",
					"description": ""
				},
				{
					"name": "typeName",
					"question": true,
					"type": "string",
					"description": ""
				}
			]
		}
	],
	"globalMember": [],
	"globalFunction": [],
	"class": {
		"kind": "interface",
		"name": "ILocalStorageProvider",
		"memberof": "core",
		"filename": "core\\utils\\localStorage.ts"
	}
}