{
	"member": [
		{
			"kind": "member",
			"type": "core.Button",
			"name": "btnClose",
			"memberof": "core.BaseComponent",
			"scope": "instance"
		},
		{
			"kind": "member",
			"type": "any",
			"name": "data",
			"memberof": "core.BaseComponent",
			"scope": "instance"
		},
		{
			"kind": "member",
			"type": "eui.Image",
			"name": "imgClose",
			"memberof": "core.BaseComponent",
			"scope": "instance"
		},
		{
			"kind": "member",
			"type": "boolean",
			"name": "removeing",
			"memberof": "core.BaseComponent",
			"scope": "instance",
			"default": "false"
		}
	],
	"function": [
		{
			"kind": "function",
			"name": "BaseComponent",
			"memberof": "core.BaseComponent",
			"scope": "instance"
		},
		{
			"kind": "function",
			"type": "void",
			"name": "dataChange",
			"memberof": "core.BaseComponent",
			"scope": "instance",
			"params": [
				{
					"name": "data",
					"question": true,
					"type": "any",
					"description": ""
				}
			]
		},
		{
			"kind": "function",
			"type": "void",
			"name": "destoryData",
			"memberof": "core.BaseComponent",
			"scope": "instance"
		},
		{
			"kind": "function",
			"type": "core.IUiAnimation",
			"name": "getAnimation",
			"memberof": "core.BaseComponent",
			"scope": "instance"
		},
		{
			"kind": "function",
			"type": "any[]",
			"name": "getArgs",
			"memberof": "core.BaseComponent",
			"scope": "instance"
		},
		{
			"kind": "function",
			"type": "egret.DisplayObject",
			"name": "getChildView",
			"memberof": "core.BaseComponent",
			"scope": "instance",
			"params": [
				{
					"name": "name",
					"description": ""
				}
			]
		},
		{
			"kind": "function",
			"type": "number",
			"name": "getUiType",
			"memberof": "core.BaseComponent",
			"scope": "instance"
		},
		{
			"kind": "function",
			"type": "void",
			"name": "initEventListener",
			"memberof": "core.BaseComponent",
			"scope": "instance"
		},
		{
			"kind": "function",
			"type": "void",
			"name": "listener",
			"memberof": "core.BaseComponent",
			"scope": "instance",
			"params": [
				{
					"name": "component",
					"type": "egret.DisplayObject",
					"description": ""
				},
				{
					"name": "type",
					"type": "string",
					"description": ""
				},
				{
					"name": "func",
					"type": "(e:egret.Event)=>void",
					"description": ""
				},
				{
					"name": "context",
					"type": "any",
					"description": ""
				}
			]
		},
		{
			"kind": "function",
			"type": "void",
			"name": "onClose",
			"memberof": "core.BaseComponent",
			"scope": "instance"
		},
		{
			"kind": "function",
			"type": "void",
			"name": "onEnter",
			"memberof": "core.BaseComponent",
			"scope": "instance"
		},
		{
			"kind": "function",
			"type": "void",
			"name": "onExit",
			"memberof": "core.BaseComponent",
			"scope": "instance"
		},
		{
			"kind": "function",
			"type": "void",
			"name": "setAnimation",
			"memberof": "core.BaseComponent",
			"scope": "instance",
			"params": [
				{
					"name": "anim",
					"type": "core.IUiAnimation",
					"description": ""
				}
			]
		},
		{
			"kind": "function",
			"type": "void",
			"name": "setArgs",
			"memberof": "core.BaseComponent",
			"scope": "instance",
			"params": [
				{
					"name": "args",
					"description": ""
				}
			]
		},
		{
			"kind": "function",
			"type": "void",
			"name": "setData",
			"memberof": "core.BaseComponent",
			"scope": "instance",
			"params": [
				{
					"name": "data",
					"type": "any",
					"description": ""
				}
			]
		},
		{
			"kind": "function",
			"type": "void",
			"name": "setFull",
			"memberof": "core.BaseComponent",
			"scope": "instance"
		},
		{
			"kind": "function",
			"name": "setUiType",
			"memberof": "core.BaseComponent",
			"scope": "instance",
			"params": [
				{
					"name": "type",
					"type": "number",
					"description": ""
				}
			]
		}
	],
	"globalMember": [],
	"globalFunction": [],
	"class": {
		"kind": "class",
		"name": "BaseComponent",
		"memberof": "core",
		"filename": "core\\ui\\BaseComponent.ts",
		"augments": [],
		"implements": [
			{
				"name": "core.IComponent"
			}
		],
		"children": [
			"core.BaseFlexComponent",
			"core.PromptBox",
			"core.SimpleLoading",
			"core.TooltipItem",
			"LoginSelect",
			"CommonPanel",
			"MainScene",
			"EUIAnimation"
		]
	}
}