{
	"member": [
		{
			"kind": "member",
			"type": "number",
			"name": "errorCode",
			"memberof": "core.NetworkRequest",
			"scope": "instance",
			"rwType": 1
		},
		{
			"kind": "member",
			"type": "string",
			"name": "errorMessage",
			"memberof": "core.NetworkRequest",
			"scope": "instance",
			"rwType": 1
		},
		{
			"kind": "member",
			"type": "boolean",
			"name": "isRequestSucceed",
			"memberof": "core.NetworkRequest",
			"scope": "instance",
			"rwType": 1
		},
		{
			"kind": "member",
			"type": "boolean",
			"name": "isResponseSucceed",
			"memberof": "core.NetworkRequest",
			"scope": "instance",
			"rwType": 1
		},
		{
			"kind": "member",
			"type": "boolean",
			"name": "isTimeout",
			"memberof": "core.NetworkRequest",
			"scope": "instance",
			"rwType": 1
		},
		{
			"kind": "member",
			"type": "boolean",
			"name": "needReload",
			"memberof": "core.NetworkRequest",
			"scope": "instance",
			"rwType": 1
		},
		{
			"kind": "member",
			"name": "private",
			"memberof": "core.NetworkRequest",
			"scope": "instance"
		},
		{
			"kind": "member",
			"type": "number",
			"name": "reloadTimes",
			"memberof": "core.NetworkRequest",
			"scope": "instance",
			"default": "0"
		},
		{
			"kind": "member",
			"type": "core.IRequestInfo",
			"name": "requestInfo",
			"memberof": "core.NetworkRequest",
			"scope": "instance",
			"rwType": 1
		},
		{
			"kind": "member",
			"type": "any",
			"name": "responseData",
			"memberof": "core.NetworkRequest",
			"scope": "instance",
			"rwType": 1
		}
	],
	"function": [
		{
			"kind": "function",
			"name": "NetworkRequest",
			"memberof": "core.NetworkRequest",
			"scope": "instance",
			"params": [
				{
					"name": "params",
					"type": "core.IRequestInfo",
					"description": ""
				}
			]
		},
		{
			"kind": "function",
			"type": "void",
			"name": "addParam",
			"memberof": "core.NetworkRequest",
			"scope": "instance",
			"params": [
				{
					"name": "key",
					"type": "string",
					"description": ""
				},
				{
					"name": "value",
					"type": "any",
					"description": ""
				}
			]
		},
		{
			"kind": "function",
			"type": "void",
			"name": "clearEventListener",
			"memberof": "core.NetworkRequest",
			"scope": "instance"
		},
		{
			"kind": "function",
			"type": "any",
			"name": "getParamByName",
			"memberof": "core.NetworkRequest",
			"scope": "instance",
			"params": [
				{
					"name": "name",
					"type": "string",
					"description": ""
				}
			]
		},
		{
			"kind": "function",
			"type": "boolean",
			"name": "hasParamByName",
			"memberof": "core.NetworkRequest",
			"scope": "instance",
			"params": [
				{
					"name": "name",
					"type": "string",
					"description": ""
				}
			]
		},
		{
			"kind": "function",
			"type": "void",
			"name": "load",
			"memberof": "core.NetworkRequest",
			"scope": "instance"
		}
	],
	"globalMember": [],
	"globalFunction": [],
	"class": {
		"kind": "class",
		"name": "NetworkRequest",
		"memberof": "core",
		"filename": "core\\network\\http\\NetworkRequest.ts",
		"augments": []
	}
}