{
	"member": [
		{
			"kind": "member",
			"type": "boolean",
			"name": "checkSceneVisible",
			"memberof": "core.Config",
			"scope": "static",
			"default": "true"
		},
		{
			"kind": "member",
			"type": "boolean",
			"name": "httpBase64",
			"memberof": "core.Config",
			"scope": "static",
			"default": "false"
		},
		{
			"kind": "member",
			"type": "string",
			"name": "httpRequestMethod",
			"memberof": "core.Config",
			"scope": "static",
			"default": "egret.HttpMethod.GET"
		},
		{
			"kind": "member",
			"type": "string",
			"name": "httpRequestUrl",
			"memberof": "core.Config",
			"scope": "static",
			"default": "''"
		},
		{
			"kind": "member",
			"type": "number",
			"name": "httpTimeout",
			"memberof": "core.Config",
			"scope": "static",
			"default": "600000"
		},
		{
			"kind": "member",
			"type": "string",
			"name": "requestKey",
			"memberof": "core.Config",
			"scope": "static",
			"default": "\"sc\""
		},
		{
			"kind": "member",
			"type": "boolean",
			"name": "uiCache",
			"memberof": "core.Config",
			"scope": "static",
			"default": "true"
		},
		{
			"kind": "member",
			"type": "number",
			"name": "uiCheckTime",
			"memberof": "core.Config",
			"scope": "static",
			"default": "2000"
		},
		{
			"kind": "member",
			"type": "number",
			"name": "uiCleanTime",
			"memberof": "core.Config",
			"scope": "static",
			"default": "300000"
		},
		{
			"kind": "member",
			"type": "boolean",
			"name": "uiRemoveCheck",
			"memberof": "core.Config",
			"scope": "static",
			"default": "true"
		}
	],
	"function": [
		{
			"kind": "function",
			"name": "Config",
			"memberof": "core.Config",
			"scope": "instance"
		}
	],
	"globalMember": [],
	"globalFunction": [],
	"class": {
		"kind": "class",
		"name": "Config",
		"memberof": "core",
		"filename": "core\\core.ts"
	}
}