{
	"member": [
		{
			"kind": "member",
			"type": "string",
			"name": "CheckTickKey",
			"memberof": "core.CheckSceneVisibleMediator",
			"scope": "static",
			"default": "\"CheckSceneVisibleController_check\""
		},
		{
			"kind": "member",
			"type": "string",
			"name": "NAME",
			"memberof": "core.CheckSceneVisibleMediator",
			"scope": "static",
			"default": "'CheckSceneVisibleMediator'"
		},
		{
			"kind": "member",
			"type": "string",
			"name": "mediatorName",
			"memberof": "core.Mediator",
			"scope": "instance",
			"description": "The name of the <code>Mediator</code>.",
			"default": "null",
			"inherited": true,
			"inherits": "core.Mediator"
		},
		{
			"kind": "member",
			"type": "any",
			"name": "viewComponent",
			"memberof": "core.Mediator",
			"scope": "instance",
			"description": "The <code>Mediator</code>'s view component.",
			"default": "null",
			"inherited": true,
			"inherits": "core.Mediator"
		}
	],
	"function": [
		{
			"kind": "function",
			"name": "CheckSceneVisibleMediator",
			"memberof": "core.CheckSceneVisibleMediator",
			"scope": "instance"
		},
		{
			"kind": "function",
			"type": "string",
			"name": "getMediatorName",
			"memberof": "core.Mediator",
			"scope": "instance",
			"inherited": true,
			"inherits": "core.Mediator"
		},
		{
			"kind": "function",
			"type": "any",
			"name": "getViewComponent",
			"memberof": "core.Mediator",
			"scope": "instance",
			"inherited": true,
			"inherits": "core.Mediator"
		},
		{
			"kind": "function",
			"type": "void",
			"name": "handleNotification",
			"memberof": "core.CheckSceneVisibleMediator",
			"scope": "instance",
			"params": [
				{
					"name": "notification",
					"type": "core.INotification",
					"description": ""
				}
			]
		},
		{
			"kind": "function",
			"type": "string[]",
			"name": "listNotificationInterests",
			"memberof": "core.CheckSceneVisibleMediator",
			"scope": "instance"
		},
		{
			"kind": "function",
			"type": "void",
			"name": "onRegister",
			"memberof": "core.CheckSceneVisibleMediator",
			"scope": "instance"
		},
		{
			"kind": "function",
			"type": "void",
			"name": "onRemove",
			"memberof": "core.CheckSceneVisibleMediator",
			"scope": "instance"
		},
		{
			"kind": "function",
			"type": "void",
			"name": "setViewComponent",
			"memberof": "core.Mediator",
			"scope": "instance",
			"params": [
				{
					"name": "viewComponent",
					"type": "any",
					"description": ""
				}
			],
			"inherited": true,
			"inherits": "core.Mediator"
		}
	],
	"globalMember": [],
	"globalFunction": [],
	"class": {
		"kind": "class",
		"name": "CheckSceneVisibleMediator",
		"memberof": "core",
		"filename": "core\\manager\\CheckSceneVisibleMediator.ts",
		"description": "检测场景的可视化控制器",
		"augments": [
			"core.Mediator"
		],
		"implements": [
			{
				"name": "core.IMediator"
			}
		]
	}
}