{
	"member": [],
	"function": [
		{
			"kind": "function",
			"type": "any",
			"name": "deepClone",
			"memberof": "core.obj",
			"scope": "static",
			"description": "//利用递归来实现深拷贝，如果对象属性的值是引用类型（Array,Object），那么对该属性进行深拷贝，直到遍历到属性的值是基本类型为止。",
			"params": [
				{
					"name": "obj",
					"description": ""
				}
			]
		},
		{
			"kind": "function",
			"type": "any",
			"name": "deepClone2",
			"memberof": "core.obj",
			"scope": "static",
			"params": [
				{
					"name": "obj",
					"description": ""
				}
			]
		},
		{
			"kind": "function",
			"name": "deepCloneCommon",
			"memberof": "core.obj",
			"scope": "static",
			"params": [
				{
					"name": "values",
					"description": ""
				}
			]
		},
		{
			"kind": "function",
			"type": "any",
			"name": "getValue",
			"memberof": "core.obj",
			"scope": "static",
			"params": [
				{
					"name": "data",
					"type": "any",
					"description": ""
				},
				{
					"name": "key",
					"type": "any",
					"description": ""
				},
				{
					"name": "defVal",
					"type": "any",
					"default": "null",
					"description": ""
				}
			]
		},
		{
			"kind": "function",
			"type": "boolean",
			"name": "hasValue",
			"memberof": "core.obj",
			"scope": "static",
			"params": [
				{
					"name": "data",
					"type": "any",
					"description": ""
				},
				{
					"name": "key",
					"type": "any",
					"description": ""
				}
			]
		},
		{
			"kind": "function",
			"name": "simpleClone",
			"memberof": "core.obj",
			"scope": "static",
			"params": [
				{
					"name": "obj",
					"description": ""
				}
			]
		}
	],
	"globalMember": [],
	"globalFunction": [],
	"class": {
		"kind": "class",
		"name": "obj",
		"memberof": "core",
		"filename": "core\\tools\\obj.ts"
	}
}