{
	"globalFunction": [
		{
			"filename": "core\\mvc\\MVCSystem.ts",
			"kind": "globalFunction",
			"type": "void",
			"name": "addNotification",
			"memberof": "core",
			"scope": "instance",
			"params": [
				{
					"name": "notifyName",
					"type": "string",
					"description": ""
				},
				{
					"name": "method",
					"type": "Function",
					"description": ""
				},
				{
					"name": "context",
					"type": "any",
					"description": ""
				},
				{
					"name": "priority",
					"type": "number",
					"default": "0",
					"description": ""
				}
			]
		},
		{
			"filename": "core\\ui\\SimpleLoading.ts",
			"kind": "globalFunction",
			"type": "void",
			"name": "forceHideSimpleLoading",
			"memberof": "core",
			"scope": "instance",
			"description": "强制隐藏载入条"
		},
		{
			"filename": "core\\tools\\singleton.ts",
			"kind": "globalFunction",
			"type": "any",
			"name": "getAllSingleton",
			"memberof": "core",
			"scope": "instance",
			"description": "获取所有的单例模式"
		},
		{
			"filename": "core\\core.ts",
			"kind": "globalFunction",
			"type": "T",
			"name": "getDefinitionInstance",
			"memberof": "core",
			"scope": "instance",
			"description": "获取指定类的实例 -- 微信小游戏环境下必须定义类在window",
			"returns": "",
			"params": [
				{
					"name": "name",
					"type": "string",
					"description": "类型名称"
				},
				{
					"name": "defaultType",
					"type": "any",
					"default": "null",
					"description": "默认类型"
				},
				{
					"name": "...args",
					"description": ""
				}
			]
		},
		{
			"filename": "core\\core.ts",
			"kind": "globalFunction",
			"type": "any",
			"name": "getDefinitionType",
			"memberof": "core",
			"scope": "instance",
			"description": "获取指定类的类型",
			"returns": "",
			"params": [
				{
					"name": "name",
					"description": "类型名称"
				},
				{
					"name": "defaultType",
					"description": "默认类型"
				}
			]
		},
		{
			"filename": "core\\core.ts",
			"kind": "globalFunction",
			"type": "Promise<any>[]",
			"name": "getPreloadList",
			"memberof": "core",
			"scope": "instance",
			"description": "获取预加载列表",
			"params": [
				{
					"name": "info",
					"type": "core.IUIPreloadInfo",
					"description": ""
				}
			]
		},
		{
			"filename": "core\\setting\\AsyncServerTime.ts",
			"kind": "globalFunction",
			"type": "number",
			"name": "getServerTime",
			"memberof": "core",
			"scope": "instance"
		},
		{
			"filename": "core\\tools\\getTypeId.ts",
			"kind": "globalFunction",
			"type": "any",
			"name": "getTypeId",
			"memberof": "core",
			"scope": "instance",
			"description": "返回指定类型的类型编号",
			"returns": "类型编号",
			"params": [
				{
					"name": "type",
					"type": "any",
					"description": "指定类型"
				}
			]
		},
		{
			"filename": "core\\mvc\\MVCSystem.ts",
			"kind": "globalFunction",
			"type": "void",
			"name": "hasMediator",
			"memberof": "core",
			"scope": "instance",
			"params": [
				{
					"name": "mediatorName",
					"type": "string",
					"description": ""
				}
			]
		},
		{
			"filename": "core\\mvc\\MVCSystem.ts",
			"kind": "globalFunction",
			"type": "void",
			"name": "hasModel",
			"memberof": "core",
			"scope": "instance",
			"params": [
				{
					"name": "proxyName",
					"type": "string",
					"description": ""
				}
			]
		},
		{
			"filename": "core\\mvc\\MVCSystem.ts",
			"kind": "globalFunction",
			"type": "boolean",
			"name": "hasNotification",
			"memberof": "core",
			"scope": "instance",
			"params": [
				{
					"name": "notifyName",
					"type": "string",
					"description": ""
				},
				{
					"name": "context",
					"type": "any",
					"description": ""
				}
			]
		},
		{
			"filename": "core\\tools\\getTypeId.ts",
			"kind": "globalFunction",
			"type": "boolean",
			"name": "hasTypeId",
			"memberof": "core",
			"scope": "instance",
			"description": "指定类型是否存在类型编号",
			"returns": "是否存在类型编号",
			"params": [
				{
					"name": "type",
					"type": "any",
					"description": "指定类型"
				}
			]
		},
		{
			"filename": "core\\ui\\SimpleLoading.ts",
			"kind": "globalFunction",
			"type": "void",
			"name": "hideSimpleLoading",
			"memberof": "core",
			"scope": "instance",
			"description": "隐藏简单载入条"
		},
		{
			"filename": "core\\hooks.ts",
			"kind": "globalFunction",
			"type": "boolean",
			"name": "invokeHook",
			"memberof": "core",
			"scope": "instance",
			"params": [
				{
					"name": "hook",
					"type": "IHook<T>",
					"description": ""
				},
				{
					"name": "funName",
					"type": "string",
					"description": ""
				},
				{
					"name": "...args",
					"description": ""
				}
			]
		},
		{
			"filename": "core\\core.ts",
			"kind": "globalFunction",
			"type": "boolean",
			"name": "isInstance",
			"memberof": "core",
			"scope": "instance",
			"description": "是否实例",
			"params": [
				{
					"name": "type",
					"type": "T",
					"description": ""
				}
			]
		},
		{
			"filename": "core\\core.ts",
			"kind": "globalFunction",
			"type": "boolean",
			"name": "isType",
			"memberof": "core",
			"scope": "instance",
			"description": "是否类",
			"params": [
				{
					"name": "type",
					"type": "T",
					"description": ""
				}
			]
		},
		{
			"filename": "core\\mvc\\MVCSystem.ts",
			"kind": "globalFunction",
			"name": "mediator",
			"memberof": "core",
			"scope": "instance",
			"description": "注册Mediator"
		},
		{
			"filename": "core\\mvc\\MVCSystem.ts",
			"kind": "globalFunction",
			"name": "notice",
			"memberof": "core",
			"scope": "instance",
			"description": "注册监听",
			"params": [
				{
					"name": "name",
					"type": "string",
					"description": "name"
				}
			]
		},
		{
			"filename": "core\\mvc\\MVCSystem.ts",
			"kind": "globalFunction",
			"type": "void",
			"name": "postNotification",
			"memberof": "core",
			"scope": "instance",
			"params": [
				{
					"name": "notifyName",
					"type": "string",
					"description": ""
				},
				{
					"name": "...parms",
					"description": ""
				}
			]
		},
		{
			"filename": "core\\core.ts",
			"kind": "globalFunction",
			"type": "void",
			"name": "propertyChange",
			"memberof": "core",
			"scope": "instance",
			"description": "数据变更",
			"params": [
				{
					"name": "obj",
					"description": ""
				},
				{
					"name": "...arg",
					"description": ""
				}
			]
		},
		{
			"filename": "core\\mvc\\MVCSystem.ts",
			"kind": "globalFunction",
			"type": "void",
			"name": "registerMediator",
			"memberof": "core",
			"scope": "instance",
			"params": [
				{
					"name": "mediator",
					"type": "core.IMediator",
					"description": ""
				}
			]
		},
		{
			"filename": "core\\mvc\\MVCSystem.ts",
			"kind": "globalFunction",
			"type": "void",
			"name": "registerModel",
			"memberof": "core",
			"scope": "instance",
			"params": [
				{
					"name": "proxy",
					"type": "core.IModel",
					"description": ""
				}
			]
		},
		{
			"filename": "core\\mvc\\MVCSystem.ts",
			"kind": "globalFunction",
			"type": "void",
			"name": "removeMediator",
			"memberof": "core",
			"scope": "instance",
			"params": [
				{
					"name": "mediatorName",
					"type": "string",
					"description": ""
				}
			]
		},
		{
			"filename": "core\\mvc\\MVCSystem.ts",
			"kind": "globalFunction",
			"type": "void",
			"name": "removeModel",
			"memberof": "core",
			"scope": "instance",
			"params": [
				{
					"name": "proxyName",
					"type": "string",
					"description": ""
				}
			]
		},
		{
			"filename": "core\\mvc\\MVCSystem.ts",
			"kind": "globalFunction",
			"type": "void",
			"name": "removeNotification",
			"memberof": "core",
			"scope": "instance",
			"params": [
				{
					"name": "notifyName",
					"type": "string",
					"description": ""
				},
				{
					"name": "context",
					"type": "any",
					"description": ""
				}
			]
		},
		{
			"filename": "core\\mvc\\MVCSystem.ts",
			"kind": "globalFunction",
			"type": "void",
			"name": "removeNotificationByContext",
			"memberof": "core",
			"scope": "instance",
			"params": [
				{
					"name": "context",
					"type": "any",
					"description": ""
				}
			]
		},
		{
			"filename": "core\\mvc\\MVCSystem.ts",
			"kind": "globalFunction",
			"type": "void",
			"name": "removeNotificationByName",
			"memberof": "core",
			"scope": "instance",
			"params": [
				{
					"name": "notifyName",
					"type": "string",
					"description": ""
				}
			]
		},
		{
			"filename": "core\\network\\network.ts",
			"kind": "globalFunction",
			"type": "Promise<any>",
			"name": "request",
			"memberof": "core",
			"scope": "instance",
			"description": "发送网络请求",
			"returns": "异步对象",
			"params": [
				{
					"name": "info",
					"type": "core.IRequestInfo",
					"description": ""
				}
			]
		},
		{
			"filename": "core\\mvc\\MVCSystem.ts",
			"kind": "globalFunction",
			"type": "void",
			"name": "retrieveMediator",
			"memberof": "core",
			"scope": "instance",
			"params": [
				{
					"name": "mediatorName",
					"type": "string",
					"description": ""
				}
			]
		},
		{
			"filename": "core\\mvc\\MVCSystem.ts",
			"kind": "globalFunction",
			"type": "void",
			"name": "retrieveModel",
			"memberof": "core",
			"scope": "instance",
			"params": [
				{
					"name": "proxyName",
					"type": "string",
					"description": ""
				}
			]
		},
		{
			"filename": "core\\core.ts",
			"kind": "globalFunction",
			"type": "void",
			"name": "run",
			"memberof": "core",
			"scope": "instance",
			"description": "框架入口类，本类应在程序主入口调用run方法进行初始化",
			"params": [
				{
					"name": "estage",
					"type": "egret.Stage",
					"description": ""
				}
			]
		},
		{
			"filename": "core\\mvc\\MVCSystem.ts",
			"kind": "globalFunction",
			"type": "void",
			"name": "sendNotification",
			"memberof": "core",
			"scope": "instance",
			"params": [
				{
					"name": "notifyName",
					"type": "string",
					"description": ""
				},
				{
					"name": "body",
					"type": "any",
					"default": "null",
					"description": ""
				},
				{
					"name": "type",
					"type": "any",
					"default": "null",
					"description": ""
				}
			]
		},
		{
			"filename": "core\\setting\\AsyncServerTime.ts",
			"kind": "globalFunction",
			"type": "void",
			"name": "setServerTime",
			"memberof": "core",
			"scope": "instance",
			"params": [
				{
					"name": "time",
					"type": "number",
					"description": ""
				}
			]
		},
		{
			"filename": "core\\ui\\SimpleLoading.ts",
			"kind": "globalFunction",
			"type": "void",
			"name": "showSimpleLoading",
			"memberof": "core",
			"scope": "instance",
			"description": "显示简单载入条"
		},
		{
			"filename": "core\\tools\\singleton.ts",
			"kind": "globalFunction",
			"type": "T",
			"name": "singleton",
			"memberof": "core",
			"scope": "instance",
			"description": "返回指定分类的类型单例",
			"returns": "单例对象",
			"params": [
				{
					"name": "clz",
					"type": "{new():T}",
					"description": "单例化的类型"
				}
			]
		},
		{
			"filename": "core\\tools\\singleton.ts",
			"kind": "globalFunction",
			"type": "T",
			"name": "typeSingleton",
			"memberof": "core",
			"scope": "instance",
			"description": "返回指定分类的类型单例",
			"returns": "单例对象",
			"params": [
				{
					"name": "clz",
					"type": "{new():T;}",
					"description": "单例化的类型"
				},
				{
					"name": "type",
					"type": "string",
					"description": "分类名称"
				}
			]
		}
	]
}