{
	"member": [
		{
			"kind": "member",
			"type": "(delay,...params)=>Promise<void>",
			"name": "delay",
			"memberof": "core.IUiAnimation",
			"scope": "instance"
		},
		{
			"kind": "member",
			"type": "(...params)=>Promise<void>",
			"name": "show",
			"memberof": "core.IUiAnimation",
			"scope": "instance"
		}
	],
	"function": [
		{
			"kind": "function",
			"type": "Promise<void>",
			"name": "close",
			"memberof": "core.IUiAnimation",
			"scope": "instance"
		},
		{
			"kind": "function",
			"type": "Promise<void>",
			"name": "open",
			"memberof": "core.IUiAnimation",
			"scope": "instance"
		}
	],
	"globalMember": [],
	"globalFunction": [],
	"class": {
		"kind": "interface",
		"name": "IUiAnimation",
		"memberof": "core",
		"filename": "core\\ui\\UiAnimation.ts"
	}
}