{
	"member": [
		{
			"kind": "member",
			"type": "number",
			"name": "THROTTLE_TIME",
			"memberof": "core.Button",
			"scope": "static",
			"default": "100"
		},
		{
			"kind": "member",
			"type": "any",
			"name": "data",
			"memberof": "core.Button",
			"scope": "instance"
		},
		{
			"kind": "member",
			"type": "string",
			"name": "notice",
			"memberof": "core.Button",
			"scope": "instance"
		},
		{
			"kind": "member",
			"type": "boolean",
			"name": "sound",
			"memberof": "core.Button",
			"scope": "instance"
		},
		{
			"kind": "member",
			"type": "Function",
			"name": "throttleFun",
			"memberof": "core.Button",
			"scope": "instance",
			"rwType": 1
		},
		{
			"kind": "member",
			"type": "number",
			"name": "throttleTime",
			"memberof": "core.Button",
			"scope": "instance",
			"description": "//为0时去全局节流时间，小于0时表示不节流返回0"
		}
	],
	"function": [
		{
			"kind": "function",
			"name": "Button",
			"memberof": "core.Button",
			"scope": "instance"
		},
		{
			"kind": "function",
			"type": "void",
			"name": "destoryData",
			"memberof": "core.Button",
			"scope": "instance",
			"description": "//*********************************动画*****************************************"
		},
		{
			"kind": "function",
			"type": "void",
			"name": "removeAnim",
			"memberof": "core.Button",
			"scope": "instance"
		},
		{
			"kind": "function",
			"type": "void",
			"name": "showAnim",
			"memberof": "core.Button",
			"scope": "instance"
		}
	],
	"globalMember": [],
	"globalFunction": [],
	"class": {
		"kind": "class",
		"name": "Button",
		"memberof": "core",
		"filename": "core\\ui\\Button.ts",
		"augments": []
	}
}