{
	"member": [
		{
			"kind": "member",
			"type": "string",
			"name": "ADD_QUEUE_BOX",
			"memberof": "core.QueueBoxMediator",
			"scope": "static",
			"default": "\"ADD_QUEUE_BOX\""
		},
		{
			"kind": "member",
			"type": "string",
			"name": "END_QUEUE",
			"memberof": "core.QueueBoxMediator",
			"scope": "static",
			"default": "\"END_QUEUE\""
		},
		{
			"kind": "member",
			"type": "string",
			"name": "NAME",
			"memberof": "core.QueueBoxMediator",
			"scope": "static",
			"default": "'QueueBoxMediator'"
		},
		{
			"kind": "member",
			"type": "string",
			"name": "mediatorName",
			"memberof": "core.Mediator",
			"scope": "instance",
			"description": "The name of the <code>Mediator</code>.",
			"default": "null",
			"inherited": true,
			"inherits": "core.Mediator"
		},
		{
			"kind": "member",
			"type": "any",
			"name": "viewComponent",
			"memberof": "core.Mediator",
			"scope": "instance",
			"description": "The <code>Mediator</code>'s view component.",
			"default": "null",
			"inherited": true,
			"inherits": "core.Mediator"
		}
	],
	"function": [
		{
			"kind": "function",
			"name": "QueueBoxMediator",
			"memberof": "core.QueueBoxMediator",
			"scope": "instance"
		},
		{
			"kind": "function",
			"type": "void",
			"name": "addQueueBoxByClassName",
			"memberof": "core.QueueBoxMediator",
			"scope": "instance",
			"description": "添加进队列 -- 需要是该类的类名称 __class__,才能在关闭的时候进行判断",
			"params": [
				{
					"name": "clzName",
					"type": "string",
					"description": "类名称"
				},
				{
					"name": "callback",
					"type": "core.Callback",
					"description": ""
				}
			]
		},
		{
			"kind": "function",
			"type": "void",
			"name": "clear",
			"memberof": "core.QueueBoxMediator",
			"scope": "instance"
		},
		{
			"kind": "function",
			"type": "string",
			"name": "getMediatorName",
			"memberof": "core.Mediator",
			"scope": "instance",
			"inherited": true,
			"inherits": "core.Mediator"
		},
		{
			"kind": "function",
			"type": "any",
			"name": "getViewComponent",
			"memberof": "core.Mediator",
			"scope": "instance",
			"inherited": true,
			"inherits": "core.Mediator"
		},
		{
			"kind": "function",
			"type": "void",
			"name": "handleNotification",
			"memberof": "core.QueueBoxMediator",
			"scope": "instance",
			"params": [
				{
					"name": "notification",
					"type": "core.INotification",
					"description": ""
				}
			]
		},
		{
			"kind": "function",
			"type": "string[]",
			"name": "listNotificationInterests",
			"memberof": "core.QueueBoxMediator",
			"scope": "instance"
		},
		{
			"kind": "function",
			"type": "void",
			"name": "onRegister",
			"memberof": "core.QueueBoxMediator",
			"scope": "instance"
		},
		{
			"kind": "function",
			"type": "void",
			"name": "onRemove",
			"memberof": "core.QueueBoxMediator",
			"scope": "instance"
		},
		{
			"kind": "function",
			"type": "void",
			"name": "setViewComponent",
			"memberof": "core.Mediator",
			"scope": "instance",
			"params": [
				{
					"name": "viewComponent",
					"type": "any",
					"description": ""
				}
			],
			"inherited": true,
			"inherits": "core.Mediator"
		}
	],
	"globalMember": [],
	"globalFunction": [],
	"class": {
		"kind": "class",
		"name": "QueueBoxMediator",
		"memberof": "core",
		"filename": "core\\manager\\QueueBoxMediator.ts",
		"description": "弹窗队列",
		"augments": [
			"core.Mediator"
		],
		"implements": [
			{
				"name": "core.IMediator"
			}
		]
	}
}