{
	"member": [],
	"function": [
		{
			"kind": "function",
			"name": "TooltipAnimation",
			"memberof": "core.TooltipAnimation",
			"scope": "instance",
			"params": [
				{
					"name": "item",
					"description": ""
				}
			]
		},
		{
			"kind": "function",
			"type": "Promise<any>",
			"name": "close",
			"memberof": "core.TooltipAnimation",
			"scope": "instance"
		},
		{
			"kind": "function",
			"type": "Promise<any>",
			"name": "delay",
			"memberof": "core.TooltipAnimation",
			"scope": "instance",
			"params": [
				{
					"name": "delay",
					"description": ""
				}
			]
		},
		{
			"kind": "function",
			"type": "Promise<any>",
			"name": "open",
			"memberof": "core.TooltipAnimation",
			"scope": "instance"
		},
		{
			"kind": "function",
			"type": "Promise<any>",
			"name": "show",
			"memberof": "core.TooltipAnimation",
			"scope": "instance"
		}
	],
	"globalMember": [],
	"globalFunction": [],
	"class": {
		"kind": "class",
		"name": "TooltipAnimation",
		"memberof": "core",
		"filename": "core\\ui\\Tooltip.ts",
		"implements": [
			{
				"name": "core.IUiAnimation"
			}
		]
	}
}