{
	"member": [
		{
			"kind": "member",
			"type": "string",
			"name": "NAME",
			"memberof": "core.Model",
			"scope": "static",
			"default": "\"Proxy\""
		}
	],
	"function": [
		{
			"kind": "function",
			"name": "Model",
			"memberof": "core.Model",
			"scope": "instance",
			"params": [
				{
					"name": "proxyName",
					"type": "string",
					"default": "null",
					"description": ""
				},
				{
					"name": "data",
					"type": "any",
					"default": "null",
					"description": ""
				}
			]
		},
		{
			"kind": "function",
			"type": "any",
			"name": "getData",
			"memberof": "core.Model",
			"scope": "instance"
		},
		{
			"kind": "function",
			"type": "string",
			"name": "getProxyName",
			"memberof": "core.Model",
			"scope": "instance"
		},
		{
			"kind": "function",
			"type": "void",
			"name": "onRegister",
			"memberof": "core.Model",
			"scope": "instance"
		},
		{
			"kind": "function",
			"type": "void",
			"name": "onRemove",
			"memberof": "core.Model",
			"scope": "instance"
		},
		{
			"kind": "function",
			"type": "void",
			"name": "setData",
			"memberof": "core.Model",
			"scope": "instance",
			"params": [
				{
					"name": "data",
					"type": "any",
					"description": ""
				}
			]
		}
	],
	"globalMember": [],
	"globalFunction": [],
	"class": {
		"kind": "class",
		"name": "Model",
		"memberof": "core",
		"filename": "core\\mvc\\Model.ts",
		"augments": [],
		"implements": [
			{
				"name": "core.IModel"
			}
		]
	}
}