{
	"member": [],
	"function": [
		{
			"kind": "function",
			"name": "MVCSystem",
			"memberof": "core.MVCSystem",
			"scope": "instance"
		},
		{
			"kind": "function",
			"type": "boolean",
			"name": "checkObserver",
			"memberof": "core.MVCSystem",
			"scope": "instance",
			"params": [
				{
					"name": "notifyName",
					"type": "string",
					"description": ""
				},
				{
					"name": "context",
					"type": "any",
					"description": ""
				}
			]
		},
		{
			"kind": "function",
			"type": "boolean",
			"name": "hasMediator",
			"memberof": "core.MVCSystem",
			"scope": "instance",
			"params": [
				{
					"name": "mediatorName",
					"type": "string",
					"description": ""
				}
			]
		},
		{
			"kind": "function",
			"type": "boolean",
			"name": "hasModel",
			"memberof": "core.MVCSystem",
			"scope": "instance",
			"params": [
				{
					"name": "modelName",
					"type": "string",
					"description": ""
				}
			]
		},
		{
			"kind": "function",
			"type": "void",
			"name": "notifyObservers",
			"memberof": "core.MVCSystem",
			"scope": "instance",
			"params": [
				{
					"name": "notification",
					"type": "core.INotification",
					"description": ""
				}
			]
		},
		{
			"kind": "function",
			"type": "void",
			"name": "registerMediator",
			"memberof": "core.MVCSystem",
			"scope": "instance",
			"description": "注册Mediator",
			"params": [
				{
					"name": "mediator",
					"type": "core.IMediator",
					"description": "mediator"
				}
			]
		},
		{
			"kind": "function",
			"type": "void",
			"name": "registerModel",
			"memberof": "core.MVCSystem",
			"scope": "instance",
			"params": [
				{
					"name": "model",
					"type": "core.IModel",
					"description": ""
				}
			]
		},
		{
			"kind": "function",
			"type": "void",
			"name": "registerObserver",
			"memberof": "core.MVCSystem",
			"scope": "instance",
			"params": [
				{
					"name": "notifyName",
					"type": "string",
					"description": ""
				},
				{
					"name": "observer",
					"type": "core.IObserver",
					"description": ""
				}
			]
		},
		{
			"kind": "function",
			"type": "core.IMediator",
			"name": "removeMediator",
			"memberof": "core.MVCSystem",
			"scope": "instance",
			"params": [
				{
					"name": "mediatorName",
					"type": "string",
					"description": ""
				}
			]
		},
		{
			"kind": "function",
			"type": "core.IModel",
			"name": "removeModel",
			"memberof": "core.MVCSystem",
			"scope": "instance",
			"params": [
				{
					"name": "modelName",
					"type": "string",
					"description": ""
				}
			]
		},
		{
			"kind": "function",
			"type": "void",
			"name": "removeObserver",
			"memberof": "core.MVCSystem",
			"scope": "instance",
			"params": [
				{
					"name": "notifyName",
					"type": "string",
					"description": ""
				},
				{
					"name": "context",
					"type": "any",
					"description": ""
				}
			]
		},
		{
			"kind": "function",
			"type": "void",
			"name": "removeObserverByContext",
			"memberof": "core.MVCSystem",
			"scope": "instance",
			"params": [
				{
					"name": "context",
					"type": "any",
					"description": ""
				}
			]
		},
		{
			"kind": "function",
			"type": "void",
			"name": "removeObserverByName",
			"memberof": "core.MVCSystem",
			"scope": "instance",
			"params": [
				{
					"name": "notifyName",
					"type": "string",
					"description": ""
				}
			]
		},
		{
			"kind": "function",
			"type": "core.IMediator",
			"name": "retrieveMediator",
			"memberof": "core.MVCSystem",
			"scope": "instance",
			"description": "获取Mediator",
			"params": [
				{
					"name": "mediatorName",
					"type": "string",
					"description": "mediatorName"
				}
			]
		},
		{
			"kind": "function",
			"type": "core.IModel",
			"name": "retrieveModel",
			"memberof": "core.MVCSystem",
			"scope": "instance",
			"params": [
				{
					"name": "modelName",
					"type": "string",
					"description": ""
				}
			]
		}
	],
	"globalMember": [],
	"globalFunction": [],
	"class": {
		"kind": "class",
		"name": "MVCSystem",
		"memberof": "core",
		"filename": "core\\mvc\\MVCSystem.ts"
	}
}