{
	"member": [
		{
			"kind": "member",
			"type": "Function",
			"name": "callback",
			"memberof": "core.IListenerOption",
			"scope": "instance"
		},
		{
			"kind": "member",
			"type": "egret.DisplayObject",
			"name": "component",
			"memberof": "core.IListenerOption",
			"scope": "instance"
		},
		{
			"kind": "member",
			"type": "any",
			"name": "context",
			"memberof": "core.IListenerOption",
			"scope": "instance"
		},
		{
			"kind": "member",
			"type": "number",
			"name": "priority",
			"memberof": "core.IListenerOption",
			"scope": "instance"
		},
		{
			"kind": "member",
			"type": "string",
			"name": "type",
			"memberof": "core.IListenerOption",
			"scope": "instance"
		},
		{
			"kind": "member",
			"type": "boolean",
			"name": "useCapture",
			"memberof": "core.IListenerOption",
			"scope": "instance"
		}
	],
	"function": [],
	"globalMember": [],
	"globalFunction": [],
	"class": {
		"kind": "interface",
		"name": "IListenerOption",
		"memberof": "core",
		"filename": "core\\ui\\ComponentState.ts",
		"description": "事件监听参数接口"
	}
}