{
	"member": [],
	"function": [
		{
			"kind": "function",
			"type": "any",
			"name": "getData",
			"memberof": "core.IModel",
			"scope": "instance"
		},
		{
			"kind": "function",
			"type": "string",
			"name": "getProxyName",
			"memberof": "core.IModel",
			"scope": "instance"
		},
		{
			"kind": "function",
			"type": "void",
			"name": "onRegister",
			"memberof": "core.IModel",
			"scope": "instance"
		},
		{
			"kind": "function",
			"type": "void",
			"name": "onRemove",
			"memberof": "core.IModel",
			"scope": "instance"
		},
		{
			"kind": "function",
			"type": "void",
			"name": "setData",
			"memberof": "core.IModel",
			"scope": "instance",
			"params": [
				{
					"name": "data",
					"type": "any",
					"description": ""
				}
			]
		}
	],
	"globalMember": [],
	"globalFunction": [],
	"class": {
		"kind": "interface",
		"name": "IModel",
		"memberof": "core",
		"filename": "core\\mvc\\Model.ts"
	}
}