{
	"member": [],
	"function": [
		{
			"kind": "function",
			"name": "Base64",
			"memberof": "core.Base64",
			"scope": "instance"
		},
		{
			"kind": "function",
			"type": "egret.ByteArray",
			"name": "decode",
			"memberof": "core.Base64",
			"scope": "static",
			"params": [
				{
					"name": "str",
					"type": "string",
					"description": ""
				}
			]
		},
		{
			"kind": "function",
			"type": "string",
			"name": "decodeStr",
			"memberof": "core.Base64",
			"scope": "static",
			"params": [
				{
					"name": "str",
					"type": "string",
					"description": ""
				}
			]
		},
		{
			"kind": "function",
			"type": "string",
			"name": "encode",
			"memberof": "core.Base64",
			"scope": "static",
			"params": [
				{
					"name": "data",
					"type": "egret.ByteArray",
					"description": ""
				}
			]
		},
		{
			"kind": "function",
			"type": "string",
			"name": "encodeStr",
			"memberof": "core.Base64",
			"scope": "static",
			"params": [
				{
					"name": "str",
					"type": "string",
					"description": ""
				}
			]
		}
	],
	"globalMember": [],
	"globalFunction": [],
	"class": {
		"kind": "class",
		"name": "Base64",
		"memberof": "core",
		"filename": "core\\tools\\Base64.ts",
		"description": "本类为Base64编码的基础实现，本类为与C++服务器通信的定制实现，通用实现请使用DOMAPI。"
	}
}