{
	"member": [],
	"function": [
		{
			"kind": "function",
			"name": "Notification",
			"memberof": "core.Notification",
			"scope": "instance",
			"params": [
				{
					"name": "name",
					"type": "string",
					"description": ""
				},
				{
					"name": "body",
					"type": "any",
					"default": "null",
					"description": ""
				},
				{
					"name": "type",
					"type": "string",
					"default": "null",
					"description": ""
				}
			]
		},
		{
			"kind": "function",
			"type": "any[]",
			"name": "getArr",
			"memberof": "core.Notification",
			"scope": "instance"
		},
		{
			"kind": "function",
			"type": "any",
			"name": "getBody",
			"memberof": "core.Notification",
			"scope": "instance"
		},
		{
			"kind": "function",
			"type": "string",
			"name": "getName",
			"memberof": "core.Notification",
			"scope": "instance"
		},
		{
			"kind": "function",
			"type": "string",
			"name": "getType",
			"memberof": "core.Notification",
			"scope": "instance"
		},
		{
			"kind": "function",
			"type": "boolean",
			"name": "isArrFromat",
			"memberof": "core.Notification",
			"scope": "instance"
		},
		{
			"kind": "function",
			"type": "void",
			"name": "setArrFormat",
			"memberof": "core.Notification",
			"scope": "instance",
			"params": [
				{
					"name": "flag",
					"type": "boolean",
					"description": ""
				}
			]
		},
		{
			"kind": "function",
			"type": "void",
			"name": "setBody",
			"memberof": "core.Notification",
			"scope": "instance",
			"params": [
				{
					"name": "body",
					"type": "any",
					"description": ""
				}
			]
		},
		{
			"kind": "function",
			"type": "void",
			"name": "setType",
			"memberof": "core.Notification",
			"scope": "instance",
			"params": [
				{
					"name": "type",
					"type": "string",
					"description": ""
				}
			]
		}
	],
	"globalMember": [],
	"globalFunction": [],
	"class": {
		"kind": "class",
		"name": "Notification",
		"memberof": "core",
		"filename": "core\\mvc\\Notification.ts",
		"implements": [
			{
				"name": "core.INotification"
			}
		]
	}
}