{
	"member": [
		{
			"kind": "member",
			"type": "boolean",
			"name": "sound",
			"memberof": "core.TabBar",
			"scope": "instance"
		}
	],
	"function": [
		{
			"kind": "function",
			"name": "TabBar",
			"memberof": "core.TabBar",
			"scope": "instance"
		},
		{
			"kind": "function",
			"type": "void",
			"name": "childrenCreated",
			"memberof": "core.TabBar",
			"scope": "instance"
		},
		{
			"kind": "function",
			"type": "void",
			"name": "onRendererTouchEnd",
			"memberof": "core.TabBar",
			"scope": "instance",
			"params": [
				{
					"name": "event",
					"description": ""
				}
			]
		},
		{
			"kind": "function",
			"type": "void",
			"name": "onVerifyCallback",
			"memberof": "core.TabBar",
			"scope": "instance",
			"description": "检测是否可以选择该选项卡",
			"params": [
				{
					"name": "callback",
					"type": "()=>boolean",
					"description": "回调函数，用来判断"
				},
				{
					"name": "context",
					"type": "any",
					"description": "作用域"
				},
				{
					"name": "...args",
					"description": ""
				}
			]
		}
	],
	"globalMember": [],
	"globalFunction": [],
	"class": {
		"kind": "class",
		"name": "TabBar",
		"memberof": "core",
		"filename": "core\\ui\\TabBar.ts",
		"augments": []
	}
}