{
	"member": [],
	"function": [
		{
			"kind": "function",
			"name": "Tooltip",
			"memberof": "core.Tooltip",
			"scope": "instance",
			"params": [
				{
					"name": "layer",
					"description": ""
				}
			]
		},
		{
			"kind": "function",
			"type": "void",
			"name": "customView",
			"memberof": "core.Tooltip",
			"scope": "instance",
			"params": [
				{
					"name": "skinName",
					"type": "string",
					"description": ""
				},
				{
					"name": "data",
					"type": "any",
					"description": ""
				},
				{
					"name": "delay",
					"type": "number",
					"default": "1500",
					"description": ""
				}
			]
		},
		{
			"kind": "function",
			"type": "void",
			"name": "show",
			"memberof": "core.Tooltip",
			"scope": "instance",
			"params": [
				{
					"name": "arg",
					"type": "core.TooltipInfo|string",
					"description": ""
				},
				{
					"name": "skinName",
					"type": "string",
					"default": "undefined",
					"description": ""
				}
			]
		}
	],
	"globalMember": [],
	"globalFunction": [],
	"class": {
		"kind": "class",
		"name": "Tooltip",
		"memberof": "core",
		"filename": "core\\ui\\Tooltip.ts"
	}
}