{
	"member": [
		{
			"kind": "member",
			"type": "()=>any[]",
			"name": "getArr",
			"memberof": "core.INotification",
			"scope": "instance"
		},
		{
			"kind": "member",
			"type": "()=>boolean",
			"name": "isArrFromat",
			"memberof": "core.INotification",
			"scope": "instance"
		},
		{
			"kind": "member",
			"type": "(flag:boolean)=>void",
			"name": "setArrFormat",
			"memberof": "core.INotification",
			"scope": "instance"
		}
	],
	"function": [
		{
			"kind": "function",
			"type": "any",
			"name": "getBody",
			"memberof": "core.INotification",
			"scope": "instance"
		},
		{
			"kind": "function",
			"type": "string",
			"name": "getName",
			"memberof": "core.INotification",
			"scope": "instance"
		},
		{
			"kind": "function",
			"type": "string",
			"name": "getType",
			"memberof": "core.INotification",
			"scope": "instance"
		},
		{
			"kind": "function",
			"type": "void",
			"name": "setBody",
			"memberof": "core.INotification",
			"scope": "instance",
			"params": [
				{
					"name": "body",
					"type": "any",
					"description": ""
				}
			]
		},
		{
			"kind": "function",
			"type": "void",
			"name": "setType",
			"memberof": "core.INotification",
			"scope": "instance",
			"params": [
				{
					"name": "type",
					"type": "string",
					"description": ""
				}
			]
		}
	],
	"globalMember": [],
	"globalFunction": [],
	"class": {
		"kind": "interface",
		"name": "INotification",
		"memberof": "core",
		"filename": "core\\mvc\\Notification.ts"
	}
}