{
	"member": [
		{
			"kind": "member",
			"type": "number",
			"name": "serverTime",
			"memberof": "core.AsyncServerTime",
			"scope": "instance",
			"description": "//毫秒"
		}
	],
	"function": [
		{
			"kind": "function",
			"name": "AsyncServerTime",
			"memberof": "core.AsyncServerTime",
			"scope": "instance"
		}
	],
	"globalMember": [],
	"globalFunction": [],
	"class": {
		"kind": "class",
		"name": "AsyncServerTime",
		"memberof": "core",
		"filename": "core\\setting\\AsyncServerTime.ts"
	}
}