{
	"member": [],
	"function": [
		{
			"kind": "function",
			"type": "void",
			"name": "begin",
			"memberof": "core.ILocalStorage",
			"scope": "instance"
		},
		{
			"kind": "function",
			"type": "void",
			"name": "commit",
			"memberof": "core.ILocalStorage",
			"scope": "instance",
			"params": [
				{
					"name": "typeName",
					"question": true,
					"type": "string",
					"description": ""
				}
			]
		},
		{
			"kind": "function",
			"type": "boolean",
			"name": "getBool",
			"memberof": "core.ILocalStorage",
			"scope": "instance",
			"params": [
				{
					"name": "key",
					"type": "string",
					"description": ""
				},
				{
					"name": "def",
					"question": true,
					"type": "boolean",
					"description": ""
				}
			]
		},
		{
			"kind": "function",
			"type": "number",
			"name": "getFloat",
			"memberof": "core.ILocalStorage",
			"scope": "instance",
			"params": [
				{
					"name": "key",
					"type": "string",
					"description": ""
				},
				{
					"name": "def",
					"question": true,
					"type": "number",
					"description": ""
				}
			]
		},
		{
			"kind": "function",
			"type": "number",
			"name": "getInt",
			"memberof": "core.ILocalStorage",
			"scope": "instance",
			"params": [
				{
					"name": "key",
					"type": "string",
					"description": ""
				},
				{
					"name": "def",
					"question": true,
					"type": "number",
					"description": ""
				}
			]
		},
		{
			"kind": "function",
			"type": "string",
			"name": "getString",
			"memberof": "core.ILocalStorage",
			"scope": "instance",
			"params": [
				{
					"name": "key",
					"type": "string",
					"description": ""
				},
				{
					"name": "def",
					"question": true,
					"type": "string",
					"description": ""
				}
			]
		},
		{
			"kind": "function",
			"type": "void",
			"name": "removeItem",
			"memberof": "core.ILocalStorage",
			"scope": "instance",
			"params": [
				{
					"name": "key",
					"type": "string",
					"description": ""
				}
			]
		},
		{
			"kind": "function",
			"type": "boolean",
			"name": "setBool",
			"memberof": "core.ILocalStorage",
			"scope": "instance",
			"params": [
				{
					"name": "key",
					"type": "string",
					"description": ""
				},
				{
					"name": "val",
					"type": "boolean",
					"description": ""
				}
			]
		},
		{
			"kind": "function",
			"type": "boolean",
			"name": "setFloat",
			"memberof": "core.ILocalStorage",
			"scope": "instance",
			"params": [
				{
					"name": "key",
					"type": "string",
					"description": ""
				},
				{
					"name": "val",
					"type": "number",
					"description": ""
				}
			]
		},
		{
			"kind": "function",
			"type": "boolean",
			"name": "setInt",
			"memberof": "core.ILocalStorage",
			"scope": "instance",
			"params": [
				{
					"name": "key",
					"type": "string",
					"description": ""
				},
				{
					"name": "val",
					"type": "number",
					"description": ""
				}
			]
		},
		{
			"kind": "function",
			"type": "void",
			"name": "setPrefix",
			"memberof": "core.ILocalStorage",
			"scope": "instance",
			"params": [
				{
					"name": "prefix",
					"type": "string",
					"description": ""
				}
			]
		},
		{
			"kind": "function",
			"type": "void",
			"name": "setProvider",
			"memberof": "core.ILocalStorage",
			"scope": "instance",
			"params": [
				{
					"name": "provider",
					"type": "core.ILocalStorageProvider",
					"description": ""
				}
			]
		},
		{
			"kind": "function",
			"type": "boolean",
			"name": "setString",
			"memberof": "core.ILocalStorage",
			"scope": "instance",
			"params": [
				{
					"name": "key",
					"type": "string",
					"description": ""
				},
				{
					"name": "val",
					"type": "string",
					"description": ""
				}
			]
		}
	],
	"globalMember": [],
	"globalFunction": [],
	"class": {
		"kind": "interface",
		"name": "ILocalStorage",
		"memberof": "core",
		"filename": "core\\utils\\localStorage.ts"
	}
}