{
	"member": [
		{
			"kind": "member",
			"type": "string",
			"name": "KEYBOARD_DOWN",
			"memberof": "core.EventID",
			"scope": "static",
			"description": "键盘按下消息",
			"default": "'core.EventID.KEYBOARD_DOWN'"
		},
		{
			"kind": "member",
			"type": "string",
			"name": "KEYBOARD_UP",
			"memberof": "core.EventID",
			"scope": "static",
			"description": "键盘抬起消息",
			"default": "'core.EventID.KEYBOARD_UP'"
		},
		{
			"kind": "member",
			"type": "string",
			"name": "MODULE_HIDE",
			"memberof": "core.EventID",
			"scope": "static",
			"description": "模块隐藏消息",
			"default": "'core.EventID.MODULE_HIDE'"
		},
		{
			"kind": "member",
			"type": "string",
			"name": "MODULE_LOADED",
			"memberof": "core.EventID",
			"scope": "static",
			"description": "模块加载消息",
			"default": "'core.EventID.MODULE_LOADED'"
		},
		{
			"kind": "member",
			"type": "string",
			"name": "MODULE_SHOW",
			"memberof": "core.EventID",
			"scope": "static",
			"description": "模块显示消息",
			"default": "'core.EventID.MODULE_SHOW'"
		},
		{
			"kind": "member",
			"type": "string",
			"name": "SOCKET_CLOSE",
			"memberof": "core.EventID",
			"scope": "static",
			"description": "webSocket关闭消息",
			"default": "'core.EventID.SOCKET_CLOSE'"
		},
		{
			"kind": "member",
			"type": "string",
			"name": "SOCKET_CONNECT",
			"memberof": "core.EventID",
			"scope": "static",
			"description": "webSocket链接消息",
			"default": "'core.EventID.SOCKET_CONNECT'"
		},
		{
			"kind": "member",
			"type": "string",
			"name": "SOCKET_DATA",
			"memberof": "core.EventID",
			"scope": "static",
			"description": "webSocket接收数据消息",
			"default": "'core.EventID.SOCKET_DATA'"
		},
		{
			"kind": "member",
			"type": "string",
			"name": "SOCKET_IOERROR",
			"memberof": "core.EventID",
			"scope": "static",
			"description": "webSocket链接异常消息",
			"default": "'core.EventID.SOCKET_IOERROR'"
		}
	],
	"function": [],
	"globalMember": [],
	"globalFunction": [],
	"class": {
		"kind": "class",
		"name": "EventID",
		"memberof": "core",
		"filename": "core\\define\\EventId.ts",
		"description": "事件消息定义类"
	}
}