{
	"member": [],
	"function": [
		{
			"kind": "function",
			"name": "Observer",
			"memberof": "core.Observer",
			"scope": "instance",
			"params": [
				{
					"name": "notifyMethod",
					"type": "Function",
					"description": ""
				},
				{
					"name": "notifyContext",
					"type": "any",
					"description": ""
				},
				{
					"name": "priority",
					"type": "number",
					"default": "0",
					"description": ""
				}
			]
		},
		{
			"kind": "function",
			"type": "boolean",
			"name": "compareNotifyContext",
			"memberof": "core.Observer",
			"scope": "instance",
			"params": [
				{
					"name": "object",
					"type": "any",
					"description": ""
				}
			]
		},
		{
			"kind": "function",
			"type": "any",
			"name": "getNotifyContext",
			"memberof": "core.Observer",
			"scope": "instance"
		},
		{
			"kind": "function",
			"type": "Function",
			"name": "getNotifyMethod",
			"memberof": "core.Observer",
			"scope": "instance"
		},
		{
			"kind": "function",
			"type": "number",
			"name": "getPriority",
			"memberof": "core.Observer",
			"scope": "instance"
		},
		{
			"kind": "function",
			"type": "void",
			"name": "notifyObserver",
			"memberof": "core.Observer",
			"scope": "instance",
			"params": [
				{
					"name": "notification",
					"type": "core.INotification",
					"description": ""
				}
			]
		},
		{
			"kind": "function",
			"type": "void",
			"name": "setNotifyContext",
			"memberof": "core.Observer",
			"scope": "instance",
			"params": [
				{
					"name": "notifyContext",
					"type": "any",
					"description": ""
				}
			]
		},
		{
			"kind": "function",
			"type": "void",
			"name": "setNotifyMethod",
			"memberof": "core.Observer",
			"scope": "instance",
			"params": [
				{
					"name": "notifyMethod",
					"type": "Function",
					"description": ""
				}
			]
		},
		{
			"kind": "function",
			"type": "void",
			"name": "setPriority",
			"memberof": "core.Observer",
			"scope": "instance",
			"params": [
				{
					"name": "val",
					"type": "number",
					"description": ""
				}
			]
		}
	],
	"globalMember": [],
	"globalFunction": [],
	"class": {
		"kind": "class",
		"name": "Observer",
		"memberof": "core",
		"filename": "core\\mvc\\Observer.ts",
		"description": "//实现观察者模式",
		"implements": [
			{
				"name": "core.IObserver"
			}
		]
	}
}