{
	"member": [],
	"function": [
		{
			"kind": "function",
			"type": "Function",
			"name": "throttle",
			"memberof": "core.fun",
			"scope": "static",
			"params": [
				{
					"name": "fn",
					"description": ""
				},
				{
					"name": "delay",
					"description": ""
				},
				{
					"name": "immediate",
					"default": "false",
					"description": ""
				},
				{
					"name": "debounce",
					"question": true,
					"description": ""
				}
			]
		}
	],
	"globalMember": [],
	"globalFunction": [],
	"class": {
		"kind": "class",
		"name": "fun",
		"memberof": "core",
		"filename": "core\\tools\\fun.ts"
	}
}