{
	"member": [
		{
			"kind": "member",
			"type": "string",
			"name": "type",
			"memberof": "core.ISocketHook",
			"scope": "instance"
		},
		{
			"kind": "member",
			"type": "any",
			"name": "uniqueId",
			"memberof": "core.ISocketHook",
			"scope": "instance",
			"description": "// socket?: core.Socket;"
		}
	],
	"function": [
		{
			"kind": "function",
			"type": "void",
			"name": "onAfterMessage",
			"memberof": "core.ISocketHook",
			"scope": "instance",
			"params": [
				{
					"name": "data",
					"type": "any",
					"description": ""
				}
			]
		},
		{
			"kind": "function",
			"type": "boolean|undefined",
			"name": "onBeforeMessage",
			"memberof": "core.ISocketHook",
			"scope": "instance",
			"params": [
				{
					"name": "data",
					"type": "any",
					"description": ""
				}
			]
		},
		{
			"kind": "function",
			"type": "void",
			"name": "onClose",
			"memberof": "core.ISocketHook",
			"scope": "instance"
		},
		{
			"kind": "function",
			"type": "void",
			"name": "onConnect",
			"memberof": "core.ISocketHook",
			"scope": "instance",
			"params": [
				{
					"name": "data",
					"question": true,
					"type": "any",
					"description": ""
				}
			]
		},
		{
			"kind": "function",
			"type": "void",
			"name": "onError",
			"memberof": "core.ISocketHook",
			"scope": "instance",
			"params": [
				{
					"name": "error",
					"type": "any",
					"description": ""
				}
			]
		},
		{
			"kind": "function",
			"type": "void",
			"name": "onMessage",
			"memberof": "core.ISocketHook",
			"scope": "instance",
			"params": [
				{
					"name": "data",
					"type": "any",
					"description": ""
				}
			]
		},
		{
			"kind": "function",
			"type": "void",
			"name": "onSend",
			"memberof": "core.ISocketHook",
			"scope": "instance",
			"params": [
				{
					"name": "route",
					"type": "string",
					"description": ""
				},
				{
					"name": "params",
					"type": "any",
					"description": ""
				}
			]
		}
	],
	"globalMember": [],
	"globalFunction": [],
	"class": {
		"kind": "interface",
		"name": "ISocketHook",
		"memberof": "core",
		"filename": "core\\hooks.ts"
	}
}