{
	"member": [],
	"function": [
		{
			"kind": "function",
			"name": "BaseFactory",
			"memberof": "core.BaseFactory",
			"scope": "instance"
		},
		{
			"kind": "function",
			"type": "core.IMovie",
			"name": "fast",
			"memberof": "core.BaseFactory",
			"scope": "static",
			"params": [
				{
					"name": "option",
					"type": "core.IMovieOptionInfo",
					"description": ""
				},
				{
					"name": "dbName",
					"type": "string",
					"description": ""
				}
			]
		},
		{
			"kind": "function",
			"type": "string",
			"name": "getFilenameWithoutExt",
			"memberof": "core.BaseFactory",
			"scope": "static",
			"params": [
				{
					"name": "path",
					"type": "string",
					"description": ""
				}
			]
		}
	],
	"globalMember": [],
	"globalFunction": [],
	"class": {
		"kind": "class",
		"name": "BaseFactory",
		"memberof": "core",
		"filename": "core\\animation\\BaseFactory.ts"
	}
}