{
	"member": [],
	"function": [
		{
			"kind": "function",
			"name": "pool",
			"memberof": "core.pool",
			"scope": "instance"
		},
		{
			"kind": "function",
			"type": "ObjectPool<T>",
			"name": "getPool",
			"memberof": "core.pool",
			"scope": "static",
			"description": "获取指定类型的对象池",
			"returns": "类型对象池",
			"params": [
				{
					"name": "clz",
					"type": "{new():T;}",
					"description": "指定的类型"
				}
			]
		},
		{
			"kind": "function",
			"type": "ObjectPool<T>",
			"name": "getTypePool",
			"memberof": "core.pool",
			"scope": "static",
			"description": "获取指定分组的类型对象池",
			"returns": "类型对象池",
			"params": [
				{
					"name": "clz",
					"type": "{new():T;}",
					"description": "指定类型"
				},
				{
					"name": "type",
					"type": "string",
					"description": "类别"
				}
			]
		}
	],
	"globalMember": [],
	"globalFunction": [],
	"class": {
		"kind": "class",
		"name": "pool",
		"memberof": "core",
		"filename": "core\\tools\\pool.ts"
	}
}