{
	"member": [],
	"function": [
		{
			"kind": "function",
			"name": "network",
			"memberof": "core.network",
			"scope": "instance"
		},
		{
			"kind": "function",
			"type": "void",
			"name": "addGlobalParams",
			"memberof": "core.network",
			"scope": "static",
			"params": [
				{
					"name": "key",
					"type": "string",
					"description": ""
				},
				{
					"name": "params",
					"type": "any",
					"description": ""
				}
			]
		},
		{
			"kind": "function",
			"type": "core.IRequestInfo",
			"name": "formatReqInfo",
			"memberof": "core.network",
			"scope": "static",
			"params": [
				{
					"name": "requestInfo",
					"type": "core.IRequestInfo",
					"description": ""
				}
			]
		},
		{
			"kind": "function",
			"type": "string",
			"name": "generateUUID",
			"memberof": "core.network",
			"scope": "static"
		},
		{
			"kind": "function",
			"type": "any",
			"name": "getGlobalParam",
			"memberof": "core.network",
			"scope": "static",
			"params": [
				{
					"name": "key",
					"type": "string",
					"description": ""
				}
			]
		},
		{
			"kind": "function",
			"type": "String",
			"name": "getSign",
			"memberof": "core.network",
			"scope": "static",
			"params": [
				{
					"name": "root",
					"description": ""
				}
			]
		},
		{
			"kind": "function",
			"type": "String",
			"name": "md5",
			"memberof": "core.network",
			"scope": "static",
			"params": [
				{
					"name": "obj",
					"description": ""
				}
			]
		},
		{
			"kind": "function",
			"type": "object",
			"name": "paramsToObject",
			"memberof": "core.network",
			"scope": "static"
		},
		{
			"kind": "function",
			"type": "string",
			"name": "paramsToQueryString",
			"memberof": "core.network",
			"scope": "static"
		},
		{
			"kind": "function",
			"type": "void",
			"name": "removeGlobalParams",
			"memberof": "core.network",
			"scope": "static",
			"params": [
				{
					"name": "key",
					"type": "string",
					"description": ""
				}
			]
		},
		{
			"kind": "function",
			"name": "tranArrBufferToObj",
			"memberof": "core.network",
			"scope": "static",
			"params": [
				{
					"name": "out",
					"description": ""
				}
			]
		},
		{
			"kind": "function",
			"type": "string",
			"name": "tranObjToArrBuffer",
			"memberof": "core.network",
			"scope": "static",
			"params": [
				{
					"name": "contentObj",
					"description": ""
				}
			]
		}
	],
	"globalMember": [],
	"globalFunction": [],
	"class": {
		"kind": "class",
		"name": "network",
		"memberof": "core",
		"filename": "core\\network\\network.ts"
	}
}