{
	"globalMember": [
		{
			"filename": "core\\hooks.ts",
			"kind": "globalMember",
			"name": "hooks",
			"memberof": "core",
			"scope": "instance"
		},
		{
			"filename": "core\\utils\\localStorage.ts",
			"kind": "globalMember",
			"type": "core.ILocalStorage",
			"name": "localStorage",
			"memberof": "core",
			"scope": "instance"
		},
		{
			"filename": "core\\core.ts",
			"kind": "globalMember",
			"type": "egret.Stage",
			"name": "stage",
			"memberof": "core",
			"scope": "instance"
		},
		{
			"filename": "core\\ui\\UiAnimation.ts",
			"kind": "globalMember",
			"name": "uiAnimation",
			"memberof": "core",
			"scope": "instance"
		}
	]
}