{
	"member": [
		{
			"kind": "member",
			"name": "button",
			"memberof": "core.Hooks",
			"scope": "instance",
			"default": "new Hook<IButtonHook>()"
		},
		{
			"kind": "member",
			"name": "network",
			"memberof": "core.Hooks",
			"scope": "instance",
			"default": "new Hook<INetworkHook>()"
		},
		{
			"kind": "member",
			"name": "socket",
			"memberof": "core.Hooks",
			"scope": "instance",
			"default": "new Hook<ISocketHook>()"
		},
		{
			"kind": "member",
			"name": "ui",
			"memberof": "core.Hooks",
			"scope": "instance",
			"default": "new Hook<IUIHook>()"
		}
	],
	"function": [],
	"globalMember": [],
	"globalFunction": [],
	"class": {
		"kind": "class",
		"name": "Hooks",
		"memberof": "core",
		"filename": "core\\hooks.ts",
		"implements": [
			{
				"name": "core.IHooks"
			}
		]
	}
}