{
	"member": [
		{
			"kind": "member",
			"type": "CountUpdateManager",
			"name": "instance",
			"memberof": "CountUpdateManager",
			"scope": "static",
			"rwType": 1
		}
	],
	"function": [
		{
			"kind": "function",
			"name": "CountUpdateManager",
			"memberof": "CountUpdateManager",
			"scope": "instance"
		},
		{
			"kind": "function",
			"type": "void",
			"name": "startTick",
			"memberof": "CountUpdateManager",
			"scope": "instance"
		}
	],
	"globalMember": [],
	"globalFunction": [],
	"class": {
		"kind": "class",
		"name": "CountUpdateManager",
		"memberof": "",
		"filename": "module\\manager\\CountUpdateManager.ts"
	}
}