{
	"member": [
		{
			"kind": "member",
			"type": "any[]",
			"name": "keys",
			"memberof": "Dictionary",
			"scope": "instance",
			"rwType": 1,
			"description": "获取所有的子元素键名列表。"
		},
		{
			"kind": "member",
			"type": "number",
			"name": "length",
			"memberof": "Dictionary",
			"scope": "instance",
			"rwType": 1
		},
		{
			"kind": "member",
			"type": "T[]",
			"name": "values",
			"memberof": "Dictionary",
			"scope": "instance",
			"rwType": 1,
			"description": "获取所有的子元素列表。"
		}
	],
	"function": [
		{
			"kind": "function",
			"type": "void",
			"name": "add",
			"memberof": "Dictionary",
			"scope": "instance",
			"description": "添加指定键名的值。",
			"params": [
				{
					"name": "key",
					"type": "any",
					"description": "键名。"
				},
				{
					"name": "value",
					"type": "T",
					"description": "值。"
				}
			]
		},
		{
			"kind": "function",
			"name": "clear",
			"memberof": "Dictionary",
			"scope": "instance",
			"description": "清除此对象的键名列表和键值列表。"
		},
		{
			"kind": "function",
			"type": "T",
			"name": "get",
			"memberof": "Dictionary",
			"scope": "instance",
			"description": "返回指定键名的值。",
			"returns": "指定键名的值。",
			"params": [
				{
					"name": "key",
					"type": "any",
					"description": "键名对象。"
				}
			]
		},
		{
			"kind": "function",
			"type": "any",
			"name": "getKeyByValue",
			"memberof": "Dictionary",
			"scope": "instance",
			"description": "通过value得到对应的key",
			"params": [
				{
					"name": "value",
					"type": "T",
					"description": ""
				}
			]
		},
		{
			"kind": "function",
			"type": "T",
			"name": "getRandomData",
			"memberof": "Dictionary",
			"scope": "instance",
			"description": "随机获取一条数据"
		},
		{
			"kind": "function",
			"type": "number",
			"name": "indexOfKey",
			"memberof": "Dictionary",
			"scope": "instance",
			"description": "获取指定对象的键名索引。",
			"returns": "键名索引。",
			"params": [
				{
					"name": "key",
					"type": "any",
					"description": "键名对象。"
				}
			]
		},
		{
			"kind": "function",
			"name": "indexOfValue",
			"memberof": "Dictionary",
			"scope": "instance",
			"params": [
				{
					"name": "val",
					"type": "T",
					"description": ""
				}
			]
		},
		{
			"kind": "function",
			"type": "T",
			"name": "remove",
			"memberof": "Dictionary",
			"scope": "instance",
			"description": "移除指定键名的值。",
			"returns": "是否成功移除。",
			"params": [
				{
					"name": "key",
					"type": "any",
					"description": "键名对象。"
				}
			]
		}
	],
	"globalMember": [],
	"globalFunction": [],
	"class": {
		"kind": "class",
		"name": "Dictionary",
		"memberof": "",
		"filename": "core\\data\\Dictionary.ts",
		"description": "字典型的数据存取类。"
	}
}