{
	"member": [
		{
			"kind": "member",
			"type": "number",
			"name": "type_assist",
			"memberof": "ExtendType",
			"scope": "static",
			"default": "5"
		},
		{
			"kind": "member",
			"type": "number",
			"name": "type_common",
			"memberof": "ExtendType",
			"scope": "static",
			"default": "-1"
		},
		{
			"kind": "member",
			"type": "number",
			"name": "type_farmland",
			"memberof": "ExtendType",
			"scope": "static",
			"default": "2"
		},
		{
			"kind": "member",
			"type": "number",
			"name": "type_friends",
			"memberof": "ExtendType",
			"scope": "static",
			"default": "3"
		},
		{
			"kind": "member",
			"type": "number",
			"name": "type_friends2",
			"memberof": "ExtendType",
			"scope": "static",
			"default": "31"
		},
		{
			"kind": "member",
			"type": "number",
			"name": "type_hospital",
			"memberof": "ExtendType",
			"scope": "static",
			"default": "4"
		},
		{
			"kind": "member",
			"type": "number",
			"name": "type_international_rescue",
			"memberof": "ExtendType",
			"scope": "static",
			"default": "0"
		},
		{
			"kind": "member",
			"type": "number",
			"name": "type_jump",
			"memberof": "ExtendType",
			"scope": "static",
			"default": "8"
		},
		{
			"kind": "member",
			"type": "number",
			"name": "type_patient_list",
			"memberof": "ExtendType",
			"scope": "static",
			"default": "6"
		},
		{
			"kind": "member",
			"type": "number",
			"name": "type_patient_remain",
			"memberof": "ExtendType",
			"scope": "static",
			"default": "41"
		},
		{
			"kind": "member",
			"type": "number",
			"name": "type_recruit",
			"memberof": "ExtendType",
			"scope": "static",
			"default": "7"
		},
		{
			"kind": "member",
			"type": "number",
			"name": "type_welfare",
			"memberof": "ExtendType",
			"scope": "static",
			"default": "1"
		}
	],
	"function": [],
	"globalMember": [],
	"globalFunction": [],
	"class": {
		"kind": "enum",
		"name": "ExtendType",
		"memberof": "",
		"filename": "module\\login\\SecondRequestHandler.ts"
	}
}