{
	"member": [
		{
			"kind": "member",
			"name": "Pos_Type_",
			"memberof": "FocusController",
			"scope": "static"
		},
		{
			"kind": "member",
			"type": "number",
			"name": "Touch_Type_All",
			"memberof": "FocusController",
			"scope": "static",
			"default": "0"
		},
		{
			"kind": "member",
			"type": "number",
			"name": "Touch_Type_Start",
			"memberof": "FocusController",
			"scope": "static",
			"default": "1"
		},
		{
			"kind": "member",
			"name": "getScroll",
			"memberof": "FocusController",
			"scope": "instance"
		},
		{
			"kind": "member",
			"type": "FocusController",
			"name": "instance",
			"memberof": "FocusController",
			"scope": "static",
			"rwType": 1
		}
	],
	"function": [
		{
			"kind": "function",
			"name": "FocusController",
			"memberof": "FocusController",
			"scope": "instance"
		},
		{
			"kind": "function",
			"type": "void",
			"name": "focusPoint",
			"memberof": "FocusController",
			"scope": "instance",
			"description": "聚焦到某个点",
			"params": [
				{
					"name": "point",
					"type": "egret.Point",
					"description": "point"
				},
				{
					"name": "overZoom",
					"type": "number",
					"default": "0",
					"description": ""
				}
			]
		},
		{
			"kind": "function",
			"type": "Promise<any>",
			"name": "focusPointTween",
			"memberof": "FocusController",
			"scope": "instance",
			"description": "缓动聚焦到某个点",
			"params": [
				{
					"name": "point",
					"type": "egret.Point",
					"description": "point"
				},
				{
					"name": "zoomTimes",
					"type": "number",
					"default": "1",
					"description": "zoomTimes"
				},
				{
					"name": "duration",
					"type": "number",
					"default": "1000",
					"description": ""
				}
			]
		},
		{
			"kind": "function",
			"type": "egret.Point",
			"name": "getDisplayObjectPositon",
			"memberof": "FocusController",
			"scope": "instance",
			"description": "获取显示对象的位置",
			"params": [
				{
					"name": "displayObj",
					"type": "egret.DisplayObject",
					"description": "显示对象"
				},
				{
					"name": "childCount",
					"type": "number",
					"default": "0",
					"description": "层数（以场景层或与场景层的xy一致的为根层），0为根层的直接子层,1为直接子层的子层，以此类推..."
				}
			]
		},
		{
			"kind": "function",
			"type": "egret.Point",
			"name": "getScenePoint",
			"memberof": "FocusController",
			"scope": "instance",
			"params": [
				{
					"name": "displayObj",
					"type": "egret.DisplayObject|egret.Point",
					"description": ""
				},
				{
					"name": "container",
					"type": "egret.DisplayObjectContainer|egret.Point",
					"description": ""
				},
				{
					"name": "zoomTimes",
					"type": "number",
					"default": "2",
					"description": ""
				},
				{
					"name": "overZoomTimes",
					"type": "number",
					"default": "0",
					"description": ""
				},
				{
					"name": "childCount",
					"type": "number",
					"default": "0",
					"description": ""
				}
			]
		},
		{
			"kind": "function",
			"type": "egret.Point",
			"name": "getScrollZoomHV",
			"memberof": "FocusController",
			"scope": "instance",
			"description": "获取显示对象想显示在舞台中间的滚动距离ScrollH、ScrollV想法：以ScrollH=0、ScrollV=0时的中点,舞台中间位移到该显示对象的位置,就是滚动条需要滚动的距离再进行缩放时,位置需要乘以倍数来计算计算适配完后，由于是scroll滚动条,所以我们计算出的ScrollH、ScrollV还要除以缩放倍数",
			"params": [
				{
					"name": "displayObj",
					"type": "egret.DisplayObject|egret.Point",
					"description": "当前针对角色对象"
				},
				{
					"name": "zoomTimes",
					"type": "number",
					"default": "2",
					"description": "缩放倍数 -- 在原来的基础倍数上进行缩放"
				},
				{
					"name": "overZoomTimes",
					"type": "number",
					"default": "0",
					"description": "强制缩放的倍数 -- 最终的缩放倍数"
				},
				{
					"name": "childCount",
					"type": "number",
					"default": "0",
					"description": ""
				}
			]
		},
		{
			"kind": "function",
			"type": "void",
			"name": "setChildCount",
			"memberof": "FocusController",
			"scope": "instance",
			"params": [
				{
					"name": "count",
					"type": "number",
					"description": ""
				}
			]
		},
		{
			"kind": "function",
			"type": "void",
			"name": "setStageTouchEnabled",
			"memberof": "FocusController",
			"scope": "instance",
			"params": [
				{
					"name": "touch",
					"type": "boolean",
					"description": ""
				}
			]
		},
		{
			"kind": "function",
			"type": "void",
			"name": "setTouchType",
			"memberof": "FocusController",
			"scope": "instance",
			"description": "设置触摸类型",
			"params": [
				{
					"name": "type",
					"type": "number",
					"description": "type"
				}
			]
		},
		{
			"kind": "function",
			"type": "void",
			"name": "setType",
			"memberof": "FocusController",
			"scope": "instance",
			"params": [
				{
					"name": "touchType",
					"type": "number",
					"description": ""
				},
				{
					"name": "childCount",
					"type": "number",
					"description": ""
				}
			]
		},
		{
			"kind": "function",
			"type": "Promise<any>",
			"name": "startFocus",
			"memberof": "FocusController",
			"scope": "instance",
			"description": "聚焦",
			"params": [
				{
					"name": "displayObj",
					"type": "egret.DisplayObject",
					"description": "显示对象"
				},
				{
					"name": "zoomTimes",
					"type": "number",
					"default": "2",
					"description": "缩放对象"
				},
				{
					"name": "duration",
					"type": "number",
					"default": "2000",
					"description": "缓动时间"
				}
			]
		},
		{
			"kind": "function",
			"type": "Promise<any>",
			"name": "stopFocus",
			"memberof": "FocusController",
			"scope": "instance",
			"description": "停止聚焦",
			"params": [
				{
					"name": "displayObj",
					"type": "egret.DisplayObject",
					"description": ""
				},
				{
					"name": "tween",
					"type": "boolean",
					"default": "false",
					"description": "是否缓动"
				},
				{
					"name": "duration",
					"type": "number",
					"default": "1000",
					"description": ""
				}
			]
		},
		{
			"kind": "function",
			"type": "void",
			"name": "test",
			"memberof": "FocusController",
			"scope": "instance",
			"description": "//*********************************聚焦处理*****************************************",
			"params": [
				{
					"name": "displayObj",
					"type": "egret.DisplayObject",
					"description": ""
				},
				{
					"name": "zoomTimes",
					"type": "number",
					"default": "2",
					"description": ""
				}
			]
		}
	],
	"globalMember": [],
	"globalFunction": [],
	"class": {
		"kind": "class",
		"name": "FocusController",
		"memberof": "",
		"filename": "module\\manager\\FocusController.ts"
	}
}