{
	"member": [
		{
			"kind": "member",
			"type": "boolean",
			"name": "inAdv",
			"memberof": "GameShare",
			"scope": "static",
			"description": "播放广告type netcode 中定义",
			"default": "false"
		},
		{
			"kind": "member",
			"type": "any[]",
			"name": "shareBackArg",
			"memberof": "GameShare",
			"scope": "static"
		}
	],
	"function": [
		{
			"kind": "function",
			"name": "GameShare",
			"memberof": "GameShare",
			"scope": "instance"
		},
		{
			"kind": "function",
			"name": "createRewardedVideoAd",
			"memberof": "GameShare",
			"scope": "static",
			"params": [
				{
					"name": "type",
					"default": "0",
					"description": ""
				},
				{
					"name": "cmdData",
					"default": "null",
					"description": ""
				},
				{
					"name": "backFun",
					"type": "Function",
					"default": "null",
					"description": ""
				},
				{
					"name": "failBack",
					"type": "Function",
					"default": "null",
					"description": ""
				}
			]
		},
		{
			"kind": "function",
			"type": "number",
			"name": "getAdTodayLeftTime",
			"memberof": "GameShare",
			"scope": "static",
			"description": "获取已播放广告或分享次数type netcode 中定义isTotal true 每日总次数 false 已用次数",
			"params": [
				{
					"name": "type",
					"type": "number",
					"description": ""
				},
				{
					"name": "isTotal",
					"type": "boolean",
					"default": "false",
					"description": ""
				}
			]
		},
		{
			"kind": "function",
			"type": "string",
			"name": "getQueryStr",
			"memberof": "GameShare",
			"scope": "static",
			"description": "获取分享参数",
			"params": [
				{
					"name": "queryData",
					"type": "any",
					"default": "null",
					"description": ""
				}
			]
		},
		{
			"kind": "function",
			"type": "any",
			"name": "getShareInfo",
			"memberof": "GameShare",
			"scope": "static",
			"description": "获取分享信息",
			"params": [
				{
					"name": "shareInfo",
					"type": "IShareInfo",
					"default": "{}",
					"description": ""
				}
			]
		},
		{
			"kind": "function",
			"type": "boolean",
			"name": "isLookEnough",
			"memberof": "GameShare",
			"scope": "static",
			"description": "已看的总广告次数"
		},
		{
			"kind": "function",
			"type": "boolean",
			"name": "isVedioCanSee",
			"memberof": "GameShare",
			"scope": "static",
			"description": "广告有次数可以看",
			"params": [
				{
					"name": "type",
					"type": "number",
					"description": ""
				}
			]
		},
		{
			"kind": "function",
			"type": "void",
			"name": "onShareBack",
			"memberof": "GameShare",
			"scope": "static",
			"description": "手动调用分享回调方法"
		},
		{
			"kind": "function",
			"name": "onShareGame",
			"memberof": "GameShare",
			"scope": "static",
			"description": "分享游戏",
			"params": [
				{
					"name": "type",
					"default": "0",
					"description": ""
				},
				{
					"name": "cmdData",
					"default": "null",
					"description": ""
				},
				{
					"name": "backFun",
					"default": "null",
					"description": ""
				},
				{
					"name": "shareInfo",
					"type": "IShareInfo",
					"default": "{}",
					"description": ""
				}
			]
		},
		{
			"kind": "function",
			"type": "void",
			"name": "onShareGameSimple",
			"memberof": "GameShare",
			"scope": "static",
			"description": "分享游戏 -- 无限制分享",
			"params": [
				{
					"name": "shareInfo",
					"type": "IShareInfo",
					"default": "{}",
					"description": ""
				}
			]
		}
	],
	"globalMember": [],
	"globalFunction": [],
	"class": {
		"kind": "class",
		"name": "GameShare",
		"memberof": "",
		"filename": "module\\utils\\GameShare.ts"
	}
}