{
	"member": [
		{
			"kind": "member",
			"type": "GameInitHandler",
			"name": "instance",
			"memberof": "GameInitHandler",
			"scope": "static",
			"rwType": 1
		}
	],
	"function": [
		{
			"kind": "function",
			"name": "GameInitHandler",
			"memberof": "GameInitHandler",
			"scope": "instance"
		},
		{
			"kind": "function",
			"name": "doAfterLogin",
			"memberof": "GameInitHandler",
			"scope": "instance",
			"description": "刚开始进入游戏要打开的界面"
		},
		{
			"kind": "function",
			"type": "void",
			"name": "initGame",
			"memberof": "GameInitHandler",
			"scope": "instance"
		}
	],
	"globalMember": [],
	"globalFunction": [],
	"class": {
		"kind": "class",
		"name": "GameInitHandler",
		"memberof": "",
		"filename": "module\\login\\GameInitHandler.ts"
	}
}