{
	"member": [
		{
			"kind": "member",
			"type": "number",
			"name": "bottom",
			"memberof": "IAnimationProps",
			"scope": "instance"
		},
		{
			"kind": "member",
			"type": "Function",
			"name": "completeFun",
			"memberof": "IAnimationProps",
			"scope": "instance"
		},
		{
			"kind": "member",
			"type": "string",
			"name": "groupName",
			"memberof": "IAnimationProps",
			"scope": "instance"
		},
		{
			"kind": "member",
			"type": "boolean",
			"name": "loop",
			"memberof": "IAnimationProps",
			"scope": "instance"
		},
		{
			"kind": "member",
			"type": "number",
			"name": "offsetX",
			"memberof": "IAnimationProps",
			"scope": "instance"
		},
		{
			"kind": "member",
			"type": "number",
			"name": "offsetY",
			"memberof": "IAnimationProps",
			"scope": "instance"
		},
		{
			"kind": "member",
			"type": "boolean",
			"name": "specailLoop",
			"memberof": "IAnimationProps",
			"scope": "instance"
		},
		{
			"kind": "member",
			"type": "boolean",
			"name": "startPlay",
			"memberof": "IAnimationProps",
			"scope": "instance"
		},
		{
			"kind": "member",
			"type": "number",
			"name": "x",
			"memberof": "IAnimationProps",
			"scope": "instance"
		},
		{
			"kind": "member",
			"type": "number",
			"name": "y",
			"memberof": "IAnimationProps",
			"scope": "instance"
		}
	],
	"function": [],
	"globalMember": [],
	"globalFunction": [],
	"class": {
		"kind": "interface",
		"name": "IAnimationProps",
		"memberof": "",
		"filename": "module\\uiAnimation\\EUIAnimation.ts"
	}
}