{
	"member": [
		{
			"kind": "member",
			"type": "ImageFactory",
			"name": "instance",
			"memberof": "ImageFactory",
			"scope": "static",
			"rwType": 1
		}
	],
	"function": [
		{
			"kind": "function",
			"name": "ImageFactory",
			"memberof": "ImageFactory",
			"scope": "instance"
		},
		{
			"kind": "function",
			"type": "boolean",
			"name": "checkValid",
			"memberof": "ImageFactory",
			"scope": "instance",
			"description": "检查图片是否匹配图集和资源名称",
			"returns": "boolean",
			"params": [
				{
					"name": "resFile",
					"type": "string",
					"description": ""
				},
				{
					"name": "resName",
					"type": "string",
					"description": ""
				},
				{
					"name": "image",
					"type": "egret.Bitmap",
					"description": ""
				}
			]
		},
		{
			"kind": "function",
			"type": "void",
			"name": "clear",
			"memberof": "ImageFactory",
			"scope": "instance",
			"description": "清空缓存",
			"params": [
				{
					"name": "resFile",
					"type": "string",
					"description": ""
				},
				{
					"name": "resName",
					"type": "string",
					"description": ""
				}
			]
		},
		{
			"kind": "function",
			"type": "void",
			"name": "clearAll",
			"memberof": "ImageFactory",
			"scope": "instance",
			"description": "清空所有缓存"
		},
		{
			"kind": "function",
			"type": "number",
			"name": "getCacheCountByKey",
			"memberof": "ImageFactory",
			"scope": "instance",
			"params": [
				{
					"name": "resName",
					"type": "string",
					"description": ""
				},
				{
					"name": "resFile",
					"type": "string",
					"description": ""
				}
			]
		},
		{
			"kind": "function",
			"type": "string",
			"name": "getCacheKey",
			"memberof": "ImageFactory",
			"scope": "instance",
			"description": "得到图片的缓存KEY",
			"params": [
				{
					"name": "image",
					"type": "egret.Bitmap",
					"description": ""
				}
			]
		},
		{
			"kind": "function",
			"type": "string",
			"name": "getFormatKey",
			"memberof": "ImageFactory",
			"scope": "instance",
			"description": "得到图片缓存KEY",
			"returns": "string",
			"params": [
				{
					"name": "resFile",
					"type": "string",
					"description": ""
				},
				{
					"name": "resName",
					"type": "string",
					"description": ""
				}
			]
		},
		{
			"kind": "function",
			"type": "egret.Bitmap",
			"name": "getImage",
			"memberof": "ImageFactory",
			"scope": "instance",
			"description": "通过图集和资源名称获取图片实例",
			"returns": "egret.Bitmap\t图片实例",
			"params": [
				{
					"name": "resName",
					"type": "string",
					"description": ""
				},
				{
					"name": "resFile",
					"type": "string",
					"default": "null",
					"description": ""
				},
				{
					"name": "isCenter",
					"type": "boolean",
					"default": "false",
					"description": ""
				}
			]
		},
		{
			"kind": "function",
			"type": "void",
			"name": "revertImage",
			"memberof": "ImageFactory",
			"scope": "instance",
			"description": "归还图片",
			"params": [
				{
					"name": "image",
					"type": "egret.Bitmap",
					"description": ""
				}
			]
		}
	],
	"globalMember": [],
	"globalFunction": [],
	"class": {
		"kind": "class",
		"name": "ImageFactory",
		"memberof": "",
		"filename": "core\\utils\\ImageFactory.ts",
		"description": "图片工厂本类功能：1、图片对象池管理2、如对象池无图片对象则创建对象"
	}
}