{
	"member": [
		{
			"kind": "member",
			"type": "number",
			"name": "serverTime",
			"memberof": "IRequestCacheData",
			"scope": "instance",
			"description": "/"
		}
	],
	"function": [
		{
			"kind": "function",
			"type": "any",
			"name": "getCache",
			"memberof": "IRequestCacheData",
			"scope": "instance",
			"description": "数据集"
		}
	],
	"globalMember": [],
	"globalFunction": [],
	"class": {
		"kind": "interface",
		"name": "IRequestCacheData",
		"memberof": "",
		"filename": "net\\IRequestCacheData.ts",
		"description": "// 数据集接口"
	}
}