{
	"member": [],
	"function": [
		{
			"kind": "function",
			"type": "Promise<any>",
			"name": "onLoadStart",
			"memberof": "JSONProcessor",
			"scope": "instance",
			"params": [
				{
					"name": "host",
					"type": "RES.ProcessHost",
					"description": ""
				},
				{
					"name": "resource",
					"type": "RES.ResourceInfo",
					"description": ""
				}
			]
		},
		{
			"kind": "function",
			"type": "Promise<any>",
			"name": "onRemoveStart",
			"memberof": "JSONProcessor",
			"scope": "instance",
			"params": [
				{
					"name": "host",
					"type": "RES.ProcessHost",
					"description": ""
				},
				{
					"name": "resource",
					"type": "RES.ResourceInfo",
					"description": ""
				}
			]
		}
	],
	"globalMember": [],
	"globalFunction": [],
	"class": {
		"kind": "class",
		"name": "JSONProcessor",
		"memberof": "",
		"filename": "Main.ts",
		"implements": []
	}
}