{
	"member": [
		{
			"kind": "member",
			"type": "core.Button",
			"name": "btnClose",
			"memberof": "core.BaseComponent",
			"scope": "instance",
			"inherited": true,
			"inherits": "core.BaseComponent"
		},
		{
			"kind": "member",
			"type": "any",
			"name": "btn_other",
			"memberof": "LoginSelect",
			"scope": "instance"
		},
		{
			"kind": "member",
			"type": "any",
			"name": "btn_wechat",
			"memberof": "LoginSelect",
			"scope": "instance"
		},
		{
			"kind": "member",
			"type": "any",
			"name": "data",
			"memberof": "core.BaseComponent",
			"scope": "instance",
			"inherited": true,
			"inherits": "core.BaseComponent"
		},
		{
			"kind": "member",
			"type": "any",
			"name": "group_login",
			"memberof": "LoginSelect",
			"scope": "instance"
		},
		{
			"kind": "member",
			"type": "eui.Image",
			"name": "imgClose",
			"memberof": "core.BaseComponent",
			"scope": "instance",
			"inherited": true,
			"inherits": "core.BaseComponent"
		},
		{
			"kind": "member",
			"type": "any",
			"name": "otherData",
			"memberof": "LoginSelect",
			"scope": "static",
			"default": "{ \"loginId\": \"\", \"nickName\": \"xx\", \"sex\": 1, \"avatarUrl\": \"https://wx.qlogo.cn/mmopen/vi_32/Q0j4TwGTfTKRdf2Hldvia5jLKibLtbsVW45b9ocVs59GjUEjDBK58kPDARF8ESvUGkrdk2xzMwnMUXm54OE4f6SA/0\" }"
		},
		{
			"kind": "member",
			"type": "boolean",
			"name": "removeing",
			"memberof": "core.BaseComponent",
			"scope": "instance",
			"default": "false",
			"inherited": true,
			"inherits": "core.BaseComponent"
		},
		{
			"kind": "member",
			"type": "any",
			"name": "testLoginData",
			"memberof": "LoginSelect",
			"scope": "static"
		},
		{
			"kind": "member",
			"type": "any",
			"name": "txt_account",
			"memberof": "LoginSelect",
			"scope": "instance"
		}
	],
	"function": [
		{
			"kind": "function",
			"name": "LoginSelect",
			"memberof": "LoginSelect",
			"scope": "instance"
		},
		{
			"kind": "function",
			"type": "void",
			"name": "dataChange",
			"memberof": "core.BaseComponent",
			"scope": "instance",
			"params": [
				{
					"name": "data",
					"question": true,
					"type": "any",
					"description": ""
				}
			],
			"inherited": true,
			"inherits": "core.BaseComponent"
		},
		{
			"kind": "function",
			"type": "void",
			"name": "destoryData",
			"memberof": "core.BaseComponent",
			"scope": "instance",
			"inherited": true,
			"inherits": "core.BaseComponent"
		},
		{
			"kind": "function",
			"type": "void",
			"name": "doCallback",
			"memberof": "LoginSelect",
			"scope": "instance"
		},
		{
			"kind": "function",
			"type": "core.IUiAnimation",
			"name": "getAnimation",
			"memberof": "core.BaseComponent",
			"scope": "instance",
			"inherited": true,
			"inherits": "core.BaseComponent"
		},
		{
			"kind": "function",
			"type": "any[]",
			"name": "getArgs",
			"memberof": "core.BaseComponent",
			"scope": "instance",
			"inherited": true,
			"inherits": "core.BaseComponent"
		},
		{
			"kind": "function",
			"type": "egret.DisplayObject",
			"name": "getChildView",
			"memberof": "core.BaseComponent",
			"scope": "instance",
			"params": [
				{
					"name": "name",
					"description": ""
				}
			],
			"inherited": true,
			"inherits": "core.BaseComponent"
		},
		{
			"kind": "function",
			"type": "number",
			"name": "getUiType",
			"memberof": "core.BaseComponent",
			"scope": "instance",
			"inherited": true,
			"inherits": "core.BaseComponent"
		},
		{
			"kind": "function",
			"type": "void",
			"name": "initEventListener",
			"memberof": "core.BaseComponent",
			"scope": "instance",
			"inherited": true,
			"inherits": "core.BaseComponent"
		},
		{
			"kind": "function",
			"type": "void",
			"name": "listener",
			"memberof": "core.BaseComponent",
			"scope": "instance",
			"params": [
				{
					"name": "component",
					"type": "egret.DisplayObject",
					"description": ""
				},
				{
					"name": "type",
					"type": "string",
					"description": ""
				},
				{
					"name": "func",
					"type": "(e:egret.Event)=>void",
					"description": ""
				},
				{
					"name": "context",
					"type": "any",
					"description": ""
				}
			],
			"inherited": true,
			"inherits": "core.BaseComponent"
		},
		{
			"kind": "function",
			"type": "void",
			"name": "onClose",
			"memberof": "core.BaseComponent",
			"scope": "instance",
			"inherited": true,
			"inherits": "core.BaseComponent"
		},
		{
			"kind": "function",
			"type": "void",
			"name": "onEnter",
			"memberof": "LoginSelect",
			"scope": "instance",
			"params": [
				{
					"name": "callback",
					"type": "Function",
					"description": ""
				},
				{
					"name": "test",
					"type": "boolean",
					"description": ""
				}
			]
		},
		{
			"kind": "function",
			"type": "void",
			"name": "onExit",
			"memberof": "core.BaseComponent",
			"scope": "instance",
			"inherited": true,
			"inherits": "core.BaseComponent"
		},
		{
			"kind": "function",
			"type": "void",
			"name": "setAnimation",
			"memberof": "core.BaseComponent",
			"scope": "instance",
			"params": [
				{
					"name": "anim",
					"type": "core.IUiAnimation",
					"description": ""
				}
			],
			"inherited": true,
			"inherits": "core.BaseComponent"
		},
		{
			"kind": "function",
			"type": "void",
			"name": "setArgs",
			"memberof": "core.BaseComponent",
			"scope": "instance",
			"params": [
				{
					"name": "args",
					"description": ""
				}
			],
			"inherited": true,
			"inherits": "core.BaseComponent"
		},
		{
			"kind": "function",
			"type": "void",
			"name": "setData",
			"memberof": "core.BaseComponent",
			"scope": "instance",
			"params": [
				{
					"name": "data",
					"type": "any",
					"description": ""
				}
			],
			"inherited": true,
			"inherits": "core.BaseComponent"
		},
		{
			"kind": "function",
			"type": "void",
			"name": "setFull",
			"memberof": "core.BaseComponent",
			"scope": "instance",
			"inherited": true,
			"inherits": "core.BaseComponent"
		}
	],
	"globalMember": [],
	"globalFunction": [],
	"class": {
		"kind": "class",
		"name": "LoginSelect",
		"memberof": "",
		"filename": "module\\login\\LoginSelect.ts",
		"augments": [
			"core.BaseComponent"
		]
	}
}