{
	"member": [],
	"function": [
		{
			"kind": "function",
			"type": "void",
			"name": "createChildren",
			"memberof": "Main",
			"scope": "instance"
		},
		{
			"kind": "function",
			"type": "void",
			"name": "createGameScene",
			"memberof": "Main",
			"scope": "instance",
			"description": "创建场景界面Create scene interface"
		},
		{
			"kind": "function",
			"type": "Promise<void>",
			"name": "loadZip",
			"memberof": "Main",
			"scope": "instance",
			"description": "加载本地配置文件 -- zip压缩配置1、本地更新最新配置表：执行命令node tool/downConfig.js 0或1 更新配置后,需重新打包一份config.zip2、更改版本号：GameVo.resourceVersion需要与config.wxgame.ts的远程地址目录一致2、发布：sh publish_web.sh 1 1 或 sh publish_wx.sh 0 1.0.5发布；第二个参数版本号需要与第二点一致3、操作wx项目及远程资源目录：在发布好的微信项目，把config文件夹删掉，然后把config.zip解压得到没有md5的配置目录(包体不需要md5)，再把gameEUI.json及远程res.json拖进config文件夹去，放在包体减少请求量及保证不会加载到缓的res配置，最后赋值config_md5.zip的文件名（包含md5）,然后删除掉，打包config生成zip，重命名为config_md5.zip，然后把config目录删掉"
		},
		{
			"kind": "function",
			"type": "void",
			"name": "pushError",
			"memberof": "Main",
			"scope": "static",
			"description": "//向服务器上报错误",
			"params": [
				{
					"name": "msg",
					"type": "string",
					"description": ""
				}
			]
		}
	],
	"globalMember": [],
	"globalFunction": [],
	"class": {
		"kind": "class",
		"name": "Main",
		"memberof": "",
		"filename": "Main.ts",
		"description": "//////////////////////////////////////////////////////////////////////////////////////",
		"augments": []
	}
}