{
	"member": [],
	"function": [
		{
			"kind": "function",
			"name": "md5",
			"memberof": "md5",
			"scope": "instance"
		},
		{
			"kind": "function",
			"name": "hex_md5",
			"memberof": "md5",
			"scope": "instance",
			"description": "These are the privates you'll usually want to callThey take string arguments and return either hex or base-64 encoded strings",
			"params": [
				{
					"name": "s",
					"description": ""
				}
			]
		}
	],
	"globalMember": [],
	"globalFunction": [],
	"class": {
		"kind": "class",
		"name": "md5",
		"memberof": "",
		"filename": "core\\utils\\md5.ts"
	}
}