{
	"member": [],
	"function": [
		{
			"kind": "function",
			"name": "NetLogin",
			"memberof": "NetLogin",
			"scope": "instance",
			"params": [
				{
					"name": "callback",
					"description": ""
				}
			]
		},
		{
			"kind": "function",
			"name": "localhostLogin",
			"memberof": "NetLogin",
			"scope": "instance"
		},
		{
			"kind": "function",
			"type": "void",
			"name": "startLogin",
			"memberof": "NetLogin",
			"scope": "instance",
			"description": "开始登录"
		},
		{
			"kind": "function",
			"type": "void",
			"name": "startServerList",
			"memberof": "NetLogin",
			"scope": "instance",
			"description": "//请求服务器列表"
		},
		{
			"kind": "function",
			"name": "wxInit",
			"memberof": "NetLogin",
			"scope": "instance"
		}
	],
	"globalMember": [],
	"globalFunction": [],
	"class": {
		"kind": "class",
		"name": "NetLogin",
		"memberof": "",
		"filename": "module\\login\\NetLogin.ts",
		"description": "登录流程拿到登录用户的信息：区别本地登录或者微信登录：请求区分列表"
	}
}