{
	"member": [
		{
			"kind": "member",
			"name": "CHANGE_USER_INFO",
			"memberof": "NotificationDef",
			"scope": "static",
			"description": "//金钱变更消息",
			"default": "NotificationDef.TYPE_DATA+\"userInfo\""
		},
		{
			"kind": "member",
			"name": "TYPE_DATA",
			"memberof": "NotificationDef",
			"scope": "static",
			"description": "//数据变更消息",
			"default": "\"data\""
		},
		{
			"kind": "member",
			"name": "TYPE_EVENT",
			"memberof": "NotificationDef",
			"scope": "static",
			"description": "//前端内部消息",
			"default": "\"event\""
		},
		{
			"kind": "member",
			"name": "TYPE_NET",
			"memberof": "NotificationDef",
			"scope": "static",
			"description": "//交互消息",
			"default": "\"net\""
		},
		{
			"kind": "member",
			"name": "VISIT_FIREND",
			"memberof": "NotificationDef",
			"scope": "static",
			"description": "//访问好友",
			"default": "\"visit_firend\""
		}
	],
	"function": [],
	"globalMember": [],
	"globalFunction": [],
	"class": {
		"kind": "class",
		"name": "NotificationDef",
		"memberof": "",
		"filename": "module\\define\\NotificationDef.ts"
	}
}