{
	"member": [],
	"function": [
		{
			"kind": "function",
			"name": "RequestError",
			"memberof": "RequestError",
			"scope": "instance"
		},
		{
			"kind": "function",
			"type": "void",
			"name": "catchError",
			"memberof": "RequestError",
			"scope": "static",
			"description": "//处理请求错误",
			"params": [
				{
					"name": "response",
					"type": "any",
					"description": ""
				}
			]
		}
	],
	"globalMember": [],
	"globalFunction": [],
	"class": {
		"kind": "class",
		"name": "RequestError",
		"memberof": "",
		"filename": "net\\RequestError.ts"
	}
}