{
	"member": [],
	"function": [
		{
			"kind": "function",
			"name": "SecondRequestHandler",
			"memberof": "SecondRequestHandler",
			"scope": "instance"
		},
		{
			"kind": "function",
			"type": "void",
			"name": "afterLoginHanler",
			"memberof": "SecondRequestHandler",
			"scope": "instance",
			"description": "请求数据"
		},
		{
			"kind": "function",
			"type": "void",
			"name": "delCacheType",
			"memberof": "SecondRequestHandler",
			"scope": "instance",
			"params": [
				{
					"name": "type",
					"type": "number",
					"description": ""
				}
			]
		},
		{
			"kind": "function",
			"type": "Promise<any>",
			"name": "getFriendInfo",
			"memberof": "SecondRequestHandler",
			"scope": "instance",
			"description": "好友相关数据"
		},
		{
			"kind": "function",
			"type": "boolean",
			"name": "isCached",
			"memberof": "SecondRequestHandler",
			"scope": "instance",
			"description": "是否缓存了",
			"params": [
				{
					"name": "type",
					"type": "number",
					"description": ""
				}
			]
		},
		{
			"kind": "function",
			"type": "Promise<any>",
			"name": "requestFriendInfo",
			"memberof": "SecondRequestHandler",
			"scope": "instance"
		}
	],
	"globalMember": [],
	"globalFunction": [],
	"class": {
		"kind": "class",
		"name": "SecondRequestHandler",
		"memberof": "",
		"filename": "module\\login\\SecondRequestHandler.ts"
	}
}