{
	"member": [
		{
			"kind": "member",
			"type": "number",
			"name": "AppointFail",
			"memberof": "ShareRewardType",
			"scope": "static",
			"default": "3"
		},
		{
			"kind": "member",
			"type": "number",
			"name": "AppointSuccess",
			"memberof": "ShareRewardType",
			"scope": "static",
			"default": "2"
		},
		{
			"kind": "member",
			"type": "number",
			"name": "BePutCattle",
			"memberof": "ShareRewardType",
			"scope": "static",
			"default": "15"
		},
		{
			"kind": "member",
			"type": "number",
			"name": "BuildingUp",
			"memberof": "ShareRewardType",
			"scope": "static",
			"default": "4"
		},
		{
			"kind": "member",
			"type": "number",
			"name": "HospitalUp",
			"memberof": "ShareRewardType",
			"scope": "static",
			"default": "5"
		},
		{
			"kind": "member",
			"type": "number",
			"name": "NewPatient",
			"memberof": "ShareRewardType",
			"scope": "static",
			"default": "16"
		},
		{
			"kind": "member",
			"type": "number",
			"name": "PutCattle",
			"memberof": "ShareRewardType",
			"scope": "static",
			"default": "14"
		},
		{
			"kind": "member",
			"type": "number",
			"name": "PutPatient",
			"memberof": "ShareRewardType",
			"scope": "static",
			"default": "1"
		},
		{
			"kind": "member",
			"type": "number",
			"name": "Random",
			"memberof": "ShareRewardType",
			"scope": "static",
			"default": "0"
		},
		{
			"kind": "member",
			"type": "number",
			"name": "Ransom",
			"memberof": "ShareRewardType",
			"scope": "static",
			"default": "6"
		}
	],
	"function": [],
	"globalMember": [],
	"globalFunction": [],
	"class": {
		"kind": "enum",
		"name": "ShareRewardType",
		"memberof": "",
		"filename": "module\\config\\allEnum.ts"
	}
}