{
	"member": [
		{
			"kind": "member",
			"type": "any[]",
			"name": "args",
			"memberof": "TickData",
			"scope": "instance"
		},
		{
			"kind": "member",
			"type": "Function",
			"name": "bindCallback",
			"memberof": "core.Callback",
			"scope": "instance",
			"inherited": true,
			"inherits": "core.Callback"
		},
		{
			"kind": "member",
			"type": "Function",
			"name": "callback",
			"memberof": "core.Callback",
			"scope": "instance",
			"inherited": true,
			"inherits": "core.Callback"
		},
		{
			"kind": "member",
			"type": "number",
			"name": "count",
			"memberof": "TickData",
			"scope": "instance"
		},
		{
			"kind": "member",
			"type": "number",
			"name": "delay",
			"memberof": "TickData",
			"scope": "instance"
		},
		{
			"kind": "member",
			"type": "Function",
			"name": "endCallback",
			"memberof": "TickData",
			"scope": "instance"
		},
		{
			"kind": "member",
			"type": "boolean",
			"name": "isValid",
			"memberof": "TickData",
			"scope": "instance"
		},
		{
			"kind": "member",
			"type": "number",
			"name": "maxCount",
			"memberof": "TickData",
			"scope": "instance"
		},
		{
			"kind": "member",
			"type": "any",
			"name": "thisObj",
			"memberof": "core.Callback",
			"scope": "instance",
			"inherited": true,
			"inherits": "core.Callback"
		},
		{
			"kind": "member",
			"type": "string",
			"name": "tickKey",
			"memberof": "TickData",
			"scope": "instance"
		},
		{
			"kind": "member",
			"type": "number",
			"name": "timestamp",
			"memberof": "TickData",
			"scope": "instance"
		}
	],
	"function": [
		{
			"kind": "function",
			"name": "TickData",
			"memberof": "TickData",
			"scope": "instance",
			"params": [
				{
					"name": "callback",
					"type": "Function",
					"description": ""
				},
				{
					"name": "thisObj",
					"type": "any",
					"description": ""
				}
			]
		}
	],
	"globalMember": [],
	"globalFunction": [],
	"class": {
		"kind": "class",
		"name": "TickData",
		"memberof": "",
		"filename": "core\\utils\\TimerManager.ts",
		"augments": [
			"core.Callback"
		]
	}
}