{
	"globalMember": [
		{
			"filename": "net\\ProxyInfo.ts",
			"kind": "globalMember",
			"name": "PLogin",
			"memberof": "window",
			"scope": "instance"
		},
		{
			"filename": "net\\ProxyInfo.ts",
			"kind": "globalMember",
			"name": "PUser",
			"memberof": "window",
			"scope": "instance"
		},
		{
			"filename": "ThemeAdapter.ts",
			"kind": "globalMember",
			"type": "{paths:string[],skins:any}",
			"name": "generateEUI",
			"memberof": "window",
			"scope": "instance"
		},
		{
			"filename": "ThemeAdapter.ts",
			"kind": "globalMember",
			"type": "{paths:string[],skins:any}",
			"name": "generateEUI2",
			"memberof": "window",
			"scope": "instance"
		},
		{
			"filename": "ThemeAdapter.ts",
			"kind": "globalMember",
			"type": "{paths:string[],skins:any}",
			"name": "generateJSON",
			"memberof": "window",
			"scope": "instance"
		},
		{
			"filename": "Platform.ts",
			"kind": "globalMember",
			"type": "Platform",
			"name": "platform",
			"memberof": "window",
			"scope": "instance"
		},
		{
			"filename": "Platform.ts",
			"kind": "globalMember",
			"type": "WX",
			"name": "wx",
			"memberof": "window",
			"scope": "instance"
		}
	]
}