{
	"member": [
		{
			"kind": "member",
			"type": "string",
			"name": "open_donate",
			"memberof": "WxRank",
			"scope": "static",
			"default": "\"donate\""
		},
		{
			"kind": "member",
			"type": "string",
			"name": "open_honor",
			"memberof": "WxRank",
			"scope": "static",
			"default": "\"honor\""
		},
		{
			"kind": "member",
			"type": "string",
			"name": "open_likeCount",
			"memberof": "WxRank",
			"scope": "static",
			"default": "\"likeCount\""
		},
		{
			"kind": "member",
			"type": "string",
			"name": "open_score",
			"memberof": "WxRank",
			"scope": "static",
			"default": "\"score\""
		}
	],
	"function": [
		{
			"kind": "function",
			"type": "void",
			"name": "closeRank",
			"memberof": "WxRank",
			"scope": "instance"
		},
		{
			"kind": "function",
			"name": "loadAsset",
			"memberof": "WxRank",
			"scope": "instance",
			"description": "加载开放域资"
		},
		{
			"kind": "function",
			"type": "void",
			"name": "loadUserData",
			"memberof": "WxRank",
			"scope": "instance",
			"description": "加载数据"
		},
		{
			"kind": "function",
			"type": "void",
			"name": "pushRankData",
			"memberof": "WxRank",
			"scope": "instance",
			"description": "向微信平台推数据"
		},
		{
			"kind": "function",
			"name": "showRank",
			"memberof": "WxRank",
			"scope": "instance",
			"params": [
				{
					"name": "type",
					"type": "string",
					"description": ""
				}
			]
		}
	],
	"globalMember": [],
	"globalFunction": [],
	"class": {
		"kind": "class",
		"name": "WxRank",
		"memberof": "",
		"filename": "module\\rank\\WxRank.ts"
	}
}